,generation,mother,father,child,child_no,mutation
0,2,0.75|0.77|0.39|0.52|18|6|21|9|2|2|2|4,0.75|0.77|0.39|0.52|18|6|21|9|2|2|2|4,0.94|0.85|0.74|0.49|18|6|21|9|2|2|2|4,1.0,-0.18999999999999995|-0.07999999999999996|-0.35|0.030000000000000027|0.0|0.0|0.0|0.0|0.0|0.0|0.0|0.0
1,2,0.75|0.77|0.39|0.52|18|6|21|9|2|2|2|4,0.75|0.77|0.39|0.52|18|6|21|9|2|2|2|4,0.75|0.77|0.39|0.52|18|6|21|9|3|2|2|4,2.0,0.0|0.0|0.0|0.0|0.0|0.0|0.0|0.0|-1.0|0.0|0.0|0.0
2,2,0.75|0.77|0.39|0.52|18|6|21|9|2|2|2|4,0.75|0.77|0.39|0.52|18|6|21|9|2|2|2|4,0.75|0.77|0.39|0.52|18|8|21|8|2|2|2|4,3.0,0.0|0.0|0.0|0.0|0.0|-2.0|0.0|1.0|0.0|0.0|0.0|0.0
3,2,0.75|0.77|0.39|0.52|18|6|21|9|2|2|2|4,0.75|0.77|0.39|0.52|18|6|21|9|2|2|2|4,0.75|0.77|0.39|0.52|17|6|21|9|2|2|2|4,4.0,0.0|0.0|0.0|0.0|1.0|0.0|0.0|0.0|0.0|0.0|0.0|0.0
4,2,0.75|0.77|0.39|0.52|18|6|21|9|2|2|2|4,0.75|0.77|0.39|0.52|18|6|21|9|2|2|2|4,0.46|0.5|0.69|0.76|18|6|21|9|2|2|2|4,5.0,0.29|0.27|-0.29999999999999993|-0.24|0.0|0.0|0.0|0.0|0.0|0.0|0.0|0.0
5,2,0.75|0.77|0.39|0.52|18|6|21|9|2|2|2|4,0.75|0.77|0.39|0.52|18|6|21|9|2|2|2|4,0.75|0.77|0.39|0.52|19|6|21|9|2|2|2|4,6.0,0.0|0.0|0.0|0.0|-1.0|0.0|0.0|0.0|0.0|0.0|0.0|0.0
6,2,0.75|0.77|0.39|0.52|18|6|21|9|2|2|2|4,0.75|0.77|0.39|0.52|18|6|21|9|2|2|2|4,0.75|0.77|0.39|0.52|18|6|20|9|2|2|2|4,7.0,0.0|0.0|0.0|0.0|0.0|0.0|1.0|0.0|0.0|0.0|0.0|0.0
7,2,0.75|0.77|0.39|0.52|18|6|21|9|2|2|2|4,0.75|0.77|0.39|0.52|18|6|21|9|2|2|2|4,0.75|0.77|0.39|0.52|18.0|6.0|21.0|9.0|2|2|3|4,8.0,0.0|0.0|0.0|0.0|0.0|0.0|0.0|0.0|0.0|0.0|-1.0|0.0
8,2,0.75|0.77|0.39|0.52|18|6|21|9|2|2|2|4,0.75|0.77|0.39|0.52|18|6|21|9|2|2|2|4,0.75|0.77|0.39|0.52|18|6|21|9|3|2|3|5,9.0,0.0|0.0|0.0|0.0|0.0|0.0|0.0|0.0|-1.0|0.0|-1.0|-1.0
9,3,0.12|0.31|0.21|0.5|17|11|9|10|2|3|3|5,0.75|0.77|0.39|0.52|17|6|21|9|2|2|2|4,0.44|0.54|0.3|0.51|17|11|9|9|2|4|3|5,1.0,0.0|0.0|0.0|0.0|0.0|0.0|0.0|0.0|0.0|-1.0|0.0|0.0
10,3,0.12|0.31|0.21|0.5|17|11|9|10|2|3|3|5,0.75|0.77|0.39|0.52|17|6|21|9|2|2|2|4,0.44|0.54|0.3|0.51|17|6|10|9|2|3|2|5,2.0,0.0|0.0|0.0|0.0|0.0|0.0|-1.0|0.0|0.0|0.0|0.0|0.0
11,3,0.12|0.31|0.21|0.5|17|11|9|10|2|3|3|5,0.75|0.77|0.39|0.52|17|6|21|9|2|2|2|4,0.44|0.54|0.3|0.51|17|6|21|9|2|2|2|4,3.0,0.0|0.0|0.0|0.0|0.0|0.0|0.0|0.0|0.0|0.0|0.0|0.0
12,3,0.12|0.31|0.21|0.5|17|11|9|10|2|3|3|5,0.75|0.77|0.39|0.52|17|6|21|9|2|2|2|4,0.44|0.54|0.3|0.51|17.0|11.0|21.0|10.0|2|2|2|4,4.0,0.0|0.0|0.0|0.0|0.0|0.0|0.0|0.0|0.0|1.0|0.0|0.0
13,3,0.12|0.31|0.21|0.5|17|11|9|10|2|3|3|5,0.75|0.77|0.39|0.52|17|6|21|9|2|2|2|4,0.44|0.54|0.3|0.51|17|7|9|9|2|2|2|4,5.0,0.0|0.0|0.0|0.0|0.0|-1.0|0.0|0.0|0.0|0.0|1.0|0.0
14,3,0.12|0.31|0.21|0.5|17|11|9|10|2|3|3|5,0.75|0.77|0.39|0.52|17|6|21|9|2|2|2|4,0.44|0.54|0.3|0.51|17.0|6.0|21.0|9.0|2|2|2|5,6.0,0.0|0.0|0.0|0.0|0.0|0.0|0.0|0.0|0.0|0.0|0.0|0.0
15,3,0.12|0.31|0.21|0.5|17|11|9|10|2|3|3|5,0.75|0.77|0.39|0.52|17|6|21|9|2|2|2|4,0.44|0.54|0.3|0.51|17|6|9|10|3|3|2|4,7.0,0.0|0.0|0.0|0.0|0.0|0.0|0.0|0.0|-1.0|0.0|0.0|0.0
16,3,0.12|0.31|0.21|0.5|17|11|9|10|2|3|3|5,0.75|0.77|0.39|0.52|17|6|21|9|2|2|2|4,0.44|0.54|0.3|0.51|17|6|9|10|2|4|4|3,8.0,0.0|0.0|0.0|0.0|0.0|0.0|0.0|0.0|0.0|-1.0|-1.0|1.0
17,3,0.12|0.31|0.21|0.5|17|11|9|10|2|3|3|5,0.75|0.77|0.39|0.52|17|6|21|9|2|2|2|4,0.44|0.54|0.3|0.51|18|6|21|9|2|3|3|4,9.0,0.0|0.0|0.0|0.0|-1.0|0.0|0.0|0.0|0.0|0.0|-1.0|0.0
18,4,0.75|0.77|0.39|0.52|18.0|6.0|21.0|9.0|2|2|3|4,0.44|0.54|0.3|0.51|17|7|9|9|2|2|2|4,0.6|0.66|0.34|0.52|17.0|6.0|21.0|9.0|2|2|2|4,1.0,0.0|0.0|0.0|0.0|1.0|0.0|0.0|0.0|0.0|0.0|0.0|0.0
19,4,0.75|0.77|0.39|0.52|18.0|6.0|21.0|9.0|2|2|3|4,0.44|0.54|0.3|0.51|17|7|9|9|2|2|2|4,0.6|0.66|0.34|0.52|17.0|7.0|21.0|9.0|2|2|3|4,2.0,0.0|0.0|0.0|0.0|1.0|0.0|0.0|0.0|0.0|0.0|0.0|0.0
20,4,0.75|0.77|0.39|0.52|18.0|6.0|21.0|9.0|2|2|3|4,0.44|0.54|0.3|0.51|17|7|9|9|2|2|2|4,0.21|0.5|0.64|0.04|17.0|6.0|9.0|9.0|2|2|3|4,3.0,0.39|0.16000000000000003|-0.3|0.48000000000000004|0.0|0.0|0.0|0.0|0.0|0.0|0.0|0.0
21,4,0.75|0.77|0.39|0.52|18.0|6.0|21.0|9.0|2|2|3|4,0.44|0.54|0.3|0.51|17|7|9|9|2|2|2|4,0.6|0.66|0.34|0.52|18.0|6.0|9.0|9.0|2|2|2|4,4.0,0.0|0.0|0.0|0.0|-1.0|0.0|0.0|0.0|0.0|0.0|0.0|0.0
22,4,0.75|0.77|0.39|0.52|18.0|6.0|21.0|9.0|2|2|3|4,0.44|0.54|0.3|0.51|17|7|9|9|2|2|2|4,0.6|0.66|0.34|0.52|17.0|6.0|9.0|9.0|2|2|2|4,5.0,0.0|0.0|0.0|0.0|0.0|0.0|0.0|0.0|0.0|0.0|1.0|0.0
23,4,0.75|0.77|0.39|0.52|18.0|6.0|21.0|9.0|2|2|3|4,0.44|0.54|0.3|0.51|17|7|9|9|2|2|2|4,0.6|0.66|0.34|0.52|18.0|9.0|8.0|11.0|2|2|3|4,6.0,0.0|0.0|0.0|0.0|-1.0|-3.0|1.0|-2.0|0.0|0.0|0.0|0.0
24,4,0.75|0.77|0.39|0.52|18.0|6.0|21.0|9.0|2|2|3|4,0.44|0.54|0.3|0.51|17|7|9|9|2|2|2|4,0.6|0.66|0.34|0.52|18.0|7.0|22.0|9.0|2|2|2|4,7.0,0.0|0.0|0.0|0.0|0.0|0.0|-1.0|0.0|0.0|0.0|0.0|0.0
25,4,0.75|0.77|0.39|0.52|18.0|6.0|21.0|9.0|2|2|3|4,0.44|0.54|0.3|0.51|17|7|9|9|2|2|2|4,0.6|0.66|0.34|0.52|18.0|7.0|21.0|9.0|2|2|3|4,8.0,0.0|0.0|0.0|0.0|0.0|0.0|0.0|0.0|0.0|0.0|0.0|0.0
26,4,0.75|0.77|0.39|0.52|18.0|6.0|21.0|9.0|2|2|3|4,0.44|0.54|0.3|0.51|17|7|9|9|2|2|2|4,0.6|0.66|0.34|0.52|18.0|6.0|8.0|9.0|2|2|3|4,9.0,0.0|0.0|0.0|0.0|0.0|0.0|1.0|0.0|0.0|0.0|0.0|0.0
27,5,0.6|0.66|0.34|0.52|18.0|6.0|8.0|9.0|2|2|3|4,0.21|0.5|0.64|0.04|17.0|6.0|9.0|9.0|2|2|3|4,0.4|0.58|0.49|0.28|19.0|6.0|8.0|9.0|2|2|3|4,1.0,0.0|0.0|0.0|0.0|-1.0|0.0|0.0|0.0|0.0|0.0|0.0|0.0
28,5,0.6|0.66|0.34|0.52|18.0|6.0|8.0|9.0|2|2|3|4,0.21|0.5|0.64|0.04|17.0|6.0|9.0|9.0|2|2|3|4,0.4|0.58|0.49|0.28|17.0|6.0|8.0|9.0|2|2|2|4,2.0,0.0|0.0|0.0|0.0|0.0|0.0|1.0|0.0|0.0|0.0|1.0|0.0
29,5,0.6|0.66|0.34|0.52|18.0|6.0|8.0|9.0|2|2|3|4,0.21|0.5|0.64|0.04|17.0|6.0|9.0|9.0|2|2|3|4,0.4|0.58|0.49|0.28|18.0|6.0|8.0|9.0|3|2|3|4,3.0,0.0|0.0|0.0|0.0|0.0|0.0|0.0|0.0|-1.0|0.0|0.0|0.0
30,5,0.6|0.66|0.34|0.52|18.0|6.0|8.0|9.0|2|2|3|4,0.21|0.5|0.64|0.04|17.0|6.0|9.0|9.0|2|2|3|4,0.01|0.71|0.19|0.43|17.0|6.0|8.0|9.0|2|2|3|4,4.0,0.39|-0.13|0.3|-0.14999999999999997|0.0|0.0|0.0|0.0|0.0|0.0|0.0|0.0
31,5,0.6|0.66|0.34|0.52|18.0|6.0|8.0|9.0|2|2|3|4,0.21|0.5|0.64|0.04|17.0|6.0|9.0|9.0|2|2|3|4,0.97|0.15|0.09|0.58|17.0|6.0|8.0|9.0|2|2|3|4,5.0,-0.57|0.42999999999999994|0.4|-0.29999999999999993|0.0|0.0|0.0|0.0|0.0|0.0|0.0|0.0
32,5,0.6|0.66|0.34|0.52|18.0|6.0|8.0|9.0|2|2|3|4,0.21|0.5|0.64|0.04|17.0|6.0|9.0|9.0|2|2|3|4,0.4|0.58|0.49|0.28|18.0|6.0|9.0|9.0|2|2|2|4,6.0,0.0|0.0|0.0|0.0|0.0|0.0|-1.0|0.0|0.0|0.0|1.0|0.0
33,5,0.6|0.66|0.34|0.52|18.0|6.0|8.0|9.0|2|2|3|4,0.21|0.5|0.64|0.04|17.0|6.0|9.0|9.0|2|2|3|4,0.4|0.58|0.49|0.28|17.0|6.0|9.0|9.0|3|2|3|4,7.0,0.0|0.0|0.0|0.0|0.0|0.0|0.0|0.0|-1.0|0.0|0.0|0.0
34,5,0.6|0.66|0.34|0.52|18.0|6.0|8.0|9.0|2|2|3|4,0.21|0.5|0.64|0.04|17.0|6.0|9.0|9.0|2|2|3|4,0.4|0.58|0.49|0.28|18.0|6.0|7.0|9.0|2|2|3|4,8.0,0.0|0.0|0.0|0.0|0.0|0.0|1.0|0.0|0.0|0.0|0.0|0.0
35,5,0.6|0.66|0.34|0.52|18.0|6.0|8.0|9.0|2|2|3|4,0.21|0.5|0.64|0.04|17.0|6.0|9.0|9.0|2|2|3|4,0.4|0.58|0.49|0.28|17.0|7.0|8.0|9.0|2|2|3|4,9.0,0.0|0.0|0.0|0.0|0.0|-1.0|0.0|0.0|0.0|0.0|0.0|0.0
36,6,0.6|0.66|0.34|0.52|18.0|6.0|8.0|9.0|2|2|3|4,0.21|0.5|0.64|0.04|17.0|6.0|9.0|9.0|2|2|3|4,0.4|0.58|0.49|0.28|19.0|8.0|12.0|8.0|2|2|3|4,1.0,0.0|0.0|0.0|0.0|-2.0|-2.0|-3.0|1.0|0.0|0.0|0.0|0.0
37,6,0.6|0.66|0.34|0.52|18.0|6.0|8.0|9.0|2|2|3|4,0.21|0.5|0.64|0.04|17.0|6.0|9.0|9.0|2|2|3|4,0.4|0.58|0.49|0.28|18.0|6.0|9.0|9.0|2|2|3|4,2.0,0.0|0.0|0.0|0.0|0.0|0.0|-1.0|0.0|0.0|0.0|0.0|0.0
38,6,0.6|0.66|0.34|0.52|18.0|6.0|8.0|9.0|2|2|3|4,0.21|0.5|0.64|0.04|17.0|6.0|9.0|9.0|2|2|3|4,0.4|0.58|0.49|0.28|18.0|6.0|10.0|9.0|3|2|3|4,3.0,0.0|0.0|0.0|0.0|0.0|0.0|-1.0|0.0|-1.0|0.0|0.0|0.0
39,6,0.6|0.66|0.34|0.52|18.0|6.0|8.0|9.0|2|2|3|4,0.21|0.5|0.64|0.04|17.0|6.0|9.0|9.0|2|2|3|4,0.4|0.58|0.49|0.28|17.0|6.0|9.0|9.0|2|2|3|4,4.0,0.0|0.0|0.0|0.0|0.0|0.0|0.0|0.0|0.0|0.0|0.0|0.0
40,6,0.6|0.66|0.34|0.52|18.0|6.0|8.0|9.0|2|2|3|4,0.21|0.5|0.64|0.04|17.0|6.0|9.0|9.0|2|2|3|4,0.4|0.58|0.49|0.28|18.0|6.0|9.0|9.0|2|2|2|4,5.0,0.0|0.0|0.0|0.0|0.0|0.0|0.0|0.0|0.0|0.0|1.0|0.0
41,6,0.6|0.66|0.34|0.52|18.0|6.0|8.0|9.0|2|2|3|4,0.21|0.5|0.64|0.04|17.0|6.0|9.0|9.0|2|2|3|4,0.4|0.58|0.49|0.28|20.0|8.0|12.0|12.0|2|2|3|4,6.0,0.0|0.0|0.0|0.0|-3.0|-2.0|-3.0|-3.0|0.0|0.0|0.0|0.0
42,6,0.6|0.66|0.34|0.52|18.0|6.0|8.0|9.0|2|2|3|4,0.21|0.5|0.64|0.04|17.0|6.0|9.0|9.0|2|2|3|4,0.4|0.58|0.49|0.28|17.0|6.0|9.0|9.0|2|2|3|4,7.0,0.0|0.0|0.0|0.0|0.0|0.0|0.0|0.0|0.0|0.0|0.0|0.0
43,6,0.6|0.66|0.34|0.52|18.0|6.0|8.0|9.0|2|2|3|4,0.21|0.5|0.64|0.04|17.0|6.0|9.0|9.0|2|2|3|4,0.4|0.58|0.49|0.28|18.0|6.0|10.0|9.0|2|2|2|4,8.0,0.0|0.0|0.0|0.0|0.0|0.0|-1.0|0.0|0.0|0.0|1.0|0.0
44,6,0.6|0.66|0.34|0.52|18.0|6.0|8.0|9.0|2|2|3|4,0.21|0.5|0.64|0.04|17.0|6.0|9.0|9.0|2|2|3|4,0.4|0.58|0.49|0.28|17.0|6.0|9.0|9.0|2|2|2|4,9.0,0.0|0.0|0.0|0.0|0.0|0.0|0.0|0.0|0.0|0.0|1.0|0.0
45,7,0.12|0.31|0.21|0.5|17|11|9|10|2|3|3|5,0.97|0.15|0.09|0.58|17.0|6.0|8.0|9.0|2|2|3|4,0.54|0.23|0.15|0.54|17.0|11.0|9.0|10.0|3|3|3|5,1.0,0.0|0.0|0.0|0.0|0.0|0.0|0.0|0.0|-1.0|-1.0|0.0|0.0
46,7,0.12|0.31|0.21|0.5|17|11|9|10|2|3|3|5,0.97|0.15|0.09|0.58|17.0|6.0|8.0|9.0|2|2|3|4,0.54|0.23|0.15|0.54|17.0|6.0|7.0|10.0|2|3|3|5,2.0,0.0|0.0|0.0|0.0|0.0|0.0|1.0|0.0|0.0|0.0|0.0|0.0
47,7,0.12|0.31|0.21|0.5|17|11|9|10|2|3|3|5,0.97|0.15|0.09|0.58|17.0|6.0|8.0|9.0|2|2|3|4,0.79|0.39|0.87|0.88|17.0|11.0|9.0|10.0|2|2|3|5,3.0,-0.25|-0.16|-0.72|-0.33999999999999997|0.0|0.0|0.0|0.0|0.0|0.0|0.0|0.0
48,7,0.12|0.31|0.21|0.5|17|11|9|10|2|3|3|5,0.97|0.15|0.09|0.58|17.0|6.0|8.0|9.0|2|2|3|4,0.54|0.23|0.15|0.54|17.0|11.0|9.0|10.0|2|3|3|4,4.0,0.0|0.0|0.0|0.0|0.0|0.0|0.0|0.0|0.0|0.0|0.0|0.0
49,7,0.12|0.31|0.21|0.5|17|11|9|10|2|3|3|5,0.97|0.15|0.09|0.58|17.0|6.0|8.0|9.0|2|2|3|4,0.54|0.23|0.15|0.54|17|11|8|10|2|2|3|5,5.0,0.0|0.0|0.0|0.0|0.0|0.0|1.0|0.0|0.0|0.0|0.0|0.0
50,7,0.12|0.31|0.21|0.5|17|11|9|10|2|3|3|5,0.97|0.15|0.09|0.58|17.0|6.0|8.0|9.0|2|2|3|4,0.54|0.23|0.15|0.54|17.0|11.0|9.0|10.0|2|3|4|4,6.0,0.0|0.0|0.0|0.0|0.0|0.0|0.0|0.0|0.0|0.0|-1.0|0.0
51,7,0.12|0.31|0.21|0.5|17|11|9|10|2|3|3|5,0.97|0.15|0.09|0.58|17.0|6.0|8.0|9.0|2|2|3|4,0.54|0.23|0.15|0.54|18.0|6.0|8.0|10.0|2|2|3|4,7.0,0.0|0.0|0.0|0.0|-1.0|0.0|0.0|0.0|0.0|0.0|0.0|0.0
52,7,0.12|0.31|0.21|0.5|17|11|9|10|2|3|3|5,0.97|0.15|0.09|0.58|17.0|6.0|8.0|9.0|2|2|3|4,0.54|0.23|0.15|0.54|17.0|11.0|10.0|10.0|2|2|3|4,8.0,0.0|0.0|0.0|0.0|0.0|0.0|-1.0|0.0|0.0|1.0|0.0|0.0
53,7,0.12|0.31|0.21|0.5|17|11|9|10|2|3|3|5,0.97|0.15|0.09|0.58|17.0|6.0|8.0|9.0|2|2|3|4,0.54|0.23|0.15|0.54|17.0|11.0|8.0|9.0|2|4|3|4,9.0,0.0|0.0|0.0|0.0|0.0|0.0|0.0|0.0|0.0|-1.0|0.0|0.0
54,8,0.44|0.54|0.3|0.51|17|11|9|9|2|4|3|5,0.12|0.31|0.21|0.5|17|11|9|10|2|3|3|5,0.28|0.43|0.26|0.5|17|12|8|10|2|4|3|5,1.0,0.0|0.0|0.0|0.0|0.0|-1.0|1.0|-1.0|0.0|0.0|0.0|0.0
55,8,0.44|0.54|0.3|0.51|17|11|9|9|2|4|3|5,0.12|0.31|0.21|0.5|17|11|9|10|2|3|3|5,0.28|0.43|0.26|0.5|17|13|9|12|2|4|3|5,2.0,0.0|0.0|0.0|0.0|0.0|-2.0|0.0|-3.0|0.0|0.0|0.0|0.0
56,8,0.44|0.54|0.3|0.51|17|11|9|9|2|4|3|5,0.12|0.31|0.21|0.5|17|11|9|10|2|3|3|5,0.28|0.43|0.26|0.5|17|12|10|12|2|4|3|5,3.0,0.0|0.0|0.0|0.0|0.0|-1.0|-1.0|-2.0|0.0|0.0|0.0|0.0
57,8,0.44|0.54|0.3|0.51|17|11|9|9|2|4|3|5,0.12|0.31|0.21|0.5|17|11|9|10|2|3|3|5,0.28|0.43|0.26|0.5|17|11|9|9|3|3|2|6,4.0,0.0|0.0|0.0|0.0|0.0|0.0|0.0|0.0|-1.0|0.0|1.0|-1.0
58,8,0.44|0.54|0.3|0.51|17|11|9|9|2|4|3|5,0.12|0.31|0.21|0.5|17|11|9|10|2|3|3|5,0.28|0.43|0.26|0.5|17.0|11.0|9.0|9.0|2|3|2|5,5.0,0.0|0.0|0.0|0.0|0.0|0.0|0.0|0.0|0.0|0.0|1.0|0.0
59,8,0.44|0.54|0.3|0.51|17|11|9|9|2|4|3|5,0.12|0.31|0.21|0.5|17|11|9|10|2|3|3|5,0.28|0.43|0.26|0.5|18|11|9|10|2|4|3|5,6.0,0.0|0.0|0.0|0.0|-1.0|0.0|0.0|0.0|0.0|0.0|0.0|0.0
60,8,0.44|0.54|0.3|0.51|17|11|9|9|2|4|3|5,0.12|0.31|0.21|0.5|17|11|9|10|2|3|3|5,0.28|0.43|0.26|0.5|17|11|9|9|2|5|3|5,7.0,0.0|0.0|0.0|0.0|0.0|0.0|0.0|0.0|0.0|-1.0|0.0|0.0
61,8,0.44|0.54|0.3|0.51|17|11|9|9|2|4|3|5,0.12|0.31|0.21|0.5|17|11|9|10|2|3|3|5,0.28|0.43|0.26|0.5|17|11|8|9|2|4|4|5,8.0,0.0|0.0|0.0|0.0|0.0|0.0|1.0|0.0|0.0|0.0|-1.0|0.0
62,8,0.44|0.54|0.3|0.51|17|11|9|9|2|4|3|5,0.12|0.31|0.21|0.5|17|11|9|10|2|3|3|5,0.28|0.43|0.26|0.5|17|10|10|10|2|3|3|5,9.0,0.0|0.0|0.0|0.0|0.0|1.0|-1.0|-1.0|0.0|0.0|0.0|0.0
63,9,0.44|0.54|0.3|0.51|17|11|9|9|2|4|3|5,0.28|0.43|0.26|0.5|18|11|9|10|2|4|3|5,0.39|0.91|0.84|0.01|17|11|9|9|2|4|3|5,1.0,-0.030000000000000027|-0.43000000000000005|-0.5599999999999999|0.49|0.0|0.0|0.0|0.0|0.0|0.0|0.0|0.0
64,9,0.44|0.54|0.3|0.51|17|11|9|9|2|4|3|5,0.28|0.43|0.26|0.5|18|11|9|10|2|4|3|5,0.36|0.48|0.28|0.5|17|11|9|9|3|4|3|4,2.0,0.0|0.0|0.0|0.0|0.0|0.0|0.0|0.0|-1.0|0.0|0.0|1.0
65,9,0.44|0.54|0.3|0.51|17|11|9|9|2|4|3|5,0.28|0.43|0.26|0.5|18|11|9|10|2|4|3|5,0.36|0.48|0.28|0.5|17|11|8|9|2|5|3|5,3.0,0.0|0.0|0.0|0.0|0.0|0.0|1.0|0.0|0.0|-1.0|0.0|0.0
66,9,0.44|0.54|0.3|0.51|17|11|9|9|2|4|3|5,0.28|0.43|0.26|0.5|18|11|9|10|2|4|3|5,0.36|0.48|0.28|0.5|18|10|9|9|2|4|3|5,4.0,0.0|0.0|0.0|0.0|0.0|1.0|0.0|0.0|0.0|0.0|0.0|0.0
67,9,0.44|0.54|0.3|0.51|17|11|9|9|2|4|3|5,0.28|0.43|0.26|0.5|18|11|9|10|2|4|3|5,0.74|0.72|0.98|0.8|17|11|9|10|2|4|3|5,5.0,-0.38|-0.24|-0.7|-0.30000000000000004|0.0|0.0|0.0|0.0|0.0|0.0|0.0|0.0
68,9,0.44|0.54|0.3|0.51|17|11|9|9|2|4|3|5,0.28|0.43|0.26|0.5|18|11|9|10|2|4|3|5,0.36|0.48|0.28|0.5|18|11|10|9|2|4|3|5,6.0,0.0|0.0|0.0|0.0|0.0|0.0|-1.0|0.0|0.0|0.0|0.0|0.0
69,9,0.44|0.54|0.3|0.51|17|11|9|9|2|4|3|5,0.28|0.43|0.26|0.5|18|11|9|10|2|4|3|5,0.41|0.34|0.38|0.7|18|11|9|9|2|4|3|5,7.0,-0.04999999999999999|0.13999999999999996|-0.09999999999999998|-0.19999999999999996|0.0|0.0|0.0|0.0|0.0|0.0|0.0|0.0
70,9,0.44|0.54|0.3|0.51|17|11|9|9|2|4|3|5,0.28|0.43|0.26|0.5|18|11|9|10|2|4|3|5,0.42|0.03|0.97|0.82|18|11|9|10|2|4|3|5,8.0,-0.06|0.44999999999999996|-0.69|-0.31999999999999995|0.0|0.0|0.0|0.0|0.0|0.0|0.0|0.0
71,9,0.44|0.54|0.3|0.51|17|11|9|9|2|4|3|5,0.28|0.43|0.26|0.5|18|11|9|10|2|4|3|5,0.63|0.44|0.02|0.35|18|11|9|10|2|4|3|5,9.0,-0.27|0.03999999999999998|0.26|0.15000000000000002|0.0|0.0|0.0|0.0|0.0|0.0|0.0|0.0
72,10,0.11|0.1|0.53|0.46|17|12|19|12|2|4|5|4,0.36|0.48|0.28|0.5|18|10|9|9|2|4|3|5,0.33|0.28|0.75|0.55|18|10|9|9|2|4|3|5,1.0,-0.09000000000000002|0.009999999999999953|-0.35|-0.07000000000000006|0.0|0.0|0.0|0.0|0.0|0.0|0.0|0.0
73,10,0.11|0.1|0.53|0.46|17|12|19|12|2|4|5|4,0.36|0.48|0.28|0.5|18|10|9|9|2|4|3|5,0.24|0.29|0.4|0.48|17|10|9|12|2|3|3|5,2.0,0.0|0.0|0.0|0.0|0.0|0.0|0.0|0.0|0.0|1.0|0.0|0.0
74,10,0.11|0.1|0.53|0.46|17|12|19|12|2|4|5|4,0.36|0.48|0.28|0.5|18|10|9|9|2|4|3|5,0.24|0.29|0.4|0.48|18|10|19|12|2|4|6|5,3.0,0.0|0.0|0.0|0.0|0.0|0.0|0.0|0.0|0.0|0.0|-1.0|0.0
75,10,0.11|0.1|0.53|0.46|17|12|19|12|2|4|5|4,0.36|0.48|0.28|0.5|18|10|9|9|2|4|3|5,0.19|0.76|0.22|0.55|17|10|9|12|2|4|3|4,4.0,0.04999999999999999|-0.47000000000000003|0.18000000000000002|-0.07000000000000006|0.0|0.0|0.0|0.0|0.0|0.0|0.0|0.0
76,10,0.11|0.1|0.53|0.46|17|12|19|12|2|4|5|4,0.36|0.48|0.28|0.5|18|10|9|9|2|4|3|5,0.19|0.65|0.4|0.77|18|12|19|9|2|4|3|5,5.0,0.04999999999999999|-0.36000000000000004|0.0|-0.29000000000000004|0.0|0.0|0.0|0.0|0.0|0.0|0.0|0.0
77,10,0.11|0.1|0.53|0.46|17|12|19|12|2|4|5|4,0.36|0.48|0.28|0.5|18|10|9|9|2|4|3|5,0.48|0.28|0.14|0.49|17|12|19|12|2|4|5|4,6.0,-0.24|0.009999999999999953|0.26|-0.010000000000000009|0.0|0.0|0.0|0.0|0.0|0.0|0.0|0.0
78,10,0.11|0.1|0.53|0.46|17|12|19|12|2|4|5|4,0.36|0.48|0.28|0.5|18|10|9|9|2|4|3|5,0.24|0.29|0.4|0.48|17|10|9|12|2|5|3|5,7.0,0.0|0.0|0.0|0.0|0.0|0.0|0.0|0.0|0.0|-1.0|0.0|0.0
79,10,0.11|0.1|0.53|0.46|17|12|19|12|2|4|5|4,0.36|0.48|0.28|0.5|18|10|9|9|2|4|3|5,0.24|0.29|0.4|0.48|18|12|19|12|2|4|5|5,8.0,0.0|0.0|0.0|0.0|-1.0|0.0|0.0|0.0|0.0|0.0|0.0|0.0
80,10,0.11|0.1|0.53|0.46|17|12|19|12|2|4|5|4,0.36|0.48|0.28|0.5|18|10|9|9|2|4|3|5,0.58|0.65|0.94|0.59|18|10|9|12|2|4|3|5,9.0,-0.33999999999999997|-0.36000000000000004|-0.5399999999999999|-0.10999999999999999|0.0|0.0|0.0|0.0|0.0|0.0|0.0|0.0
81,11,0.36|0.48|0.28|0.5|18|10|9|9|2|4|3|5,0.28|0.43|0.26|0.5|17|12|8|10|2|4|3|5,0.47|0.99|0.06|0.93|18|12|8|9|2|4|3|5,1.0,-0.14999999999999997|-0.54|0.21000000000000002|-0.43000000000000005|0.0|0.0|0.0|0.0|0.0|0.0|0.0|0.0
82,11,0.36|0.48|0.28|0.5|18|10|9|9|2|4|3|5,0.28|0.43|0.26|0.5|17|12|8|10|2|4|3|5,0.32|0.45|0.27|0.5|18|9|9|10|2|4|2|5,2.0,0.0|0.0|0.0|0.0|0.0|1.0|0.0|0.0|0.0|0.0|1.0|0.0
83,11,0.36|0.48|0.28|0.5|18|10|9|9|2|4|3|5,0.28|0.43|0.26|0.5|17|12|8|10|2|4|3|5,0.32|0.45|0.27|0.5|18|12|9|9|2|4|3|5,3.0,0.0|0.0|0.0|0.0|-1.0|0.0|0.0|0.0|0.0|0.0|0.0|0.0
84,11,0.36|0.48|0.28|0.5|18|10|9|9|2|4|3|5,0.28|0.43|0.26|0.5|17|12|8|10|2|4|3|5,0.32|0.45|0.27|0.5|21|11|12|13|2|4|3|5,4.0,0.0|0.0|0.0|0.0|-3.0|1.0|-3.0|-3.0|0.0|0.0|0.0|0.0
85,11,0.36|0.48|0.28|0.5|18|10|9|9|2|4|3|5,0.28|0.43|0.26|0.5|17|12|8|10|2|4|3|5,0.32|0.45|0.27|0.5|17|12|7|9|2|4|3|5,5.0,0.0|0.0|0.0|0.0|0.0|0.0|1.0|0.0|0.0|0.0|0.0|0.0
86,11,0.36|0.48|0.28|0.5|18|10|9|9|2|4|3|5,0.28|0.43|0.26|0.5|17|12|8|10|2|4|3|5,0.32|0.45|0.27|0.5|17|12|10|13|2|4|3|5,6.0,0.0|0.0|0.0|0.0|0.0|-2.0|-2.0|-3.0|0.0|0.0|0.0|0.0
87,11,0.36|0.48|0.28|0.5|18|10|9|9|2|4|3|5,0.28|0.43|0.26|0.5|17|12|8|10|2|4|3|5,0.32|0.45|0.27|0.5|17.0|12.0|9.0|9.0|2|4|2|5,7.0,0.0|0.0|0.0|0.0|0.0|0.0|0.0|0.0|0.0|0.0|1.0|0.0
88,11,0.36|0.48|0.28|0.5|18|10|9|9|2|4|3|5,0.28|0.43|0.26|0.5|17|12|8|10|2|4|3|5,0.32|0.45|0.27|0.5|19|12|9|10|2|4|3|5,8.0,0.0|0.0|0.0|0.0|-1.0|0.0|0.0|0.0|0.0|0.0|0.0|0.0
89,11,0.36|0.48|0.28|0.5|18|10|9|9|2|4|3|5,0.28|0.43|0.26|0.5|17|12|8|10|2|4|3|5,0.32|0.45|0.27|0.5|17|12|8|10|2|5|2|4,9.0,0.0|0.0|0.0|0.0|0.0|0.0|0.0|0.0|0.0|-1.0|1.0|1.0
90,12,0.33|0.28|0.75|0.55|18|10|9|9|2|4|3|5,0.28|0.43|0.26|0.5|17|12|8|10|2|4|3|5,0.31|0.36|0.5|0.52|18|10|8|9|2|3|3|5,1.0,0.0|0.0|0.0|0.0|0.0|0.0|0.0|0.0|0.0|1.0|0.0|0.0
91,12,0.33|0.28|0.75|0.55|18|10|9|9|2|4|3|5,0.28|0.43|0.26|0.5|17|12|8|10|2|4|3|5,0.31|0.36|0.5|0.52|21|12|12|11|2|4|3|5,2.0,0.0|0.0|0.0|0.0|-3.0|0.0|-3.0|-1.0|0.0|0.0|0.0|0.0
92,12,0.33|0.28|0.75|0.55|18|10|9|9|2|4|3|5,0.28|0.43|0.26|0.5|17|12|8|10|2|4|3|5,0.31|0.36|0.5|0.52|17|10|10|10|2|3|3|5,3.0,0.0|0.0|0.0|0.0|0.0|0.0|-1.0|0.0|0.0|1.0|0.0|0.0
93,12,0.33|0.28|0.75|0.55|18|10|9|9|2|4|3|5,0.28|0.43|0.26|0.5|17|12|8|10|2|4|3|5,0.78|0.02|0.18|0.77|18|12|9|10|2|4|3|5,4.0,-0.47000000000000003|0.33999999999999997|0.32|-0.25|0.0|0.0|0.0|0.0|0.0|0.0|0.0|0.0
94,12,0.33|0.28|0.75|0.55|18|10|9|9|2|4|3|5,0.28|0.43|0.26|0.5|17|12|8|10|2|4|3|5,0.31|0.36|0.5|0.52|18|13|8|9|2|4|4|5,5.0,0.0|0.0|0.0|0.0|0.0|-1.0|0.0|0.0|0.0|0.0|-1.0|0.0
95,12,0.33|0.28|0.75|0.55|18|10|9|9|2|4|3|5,0.28|0.43|0.26|0.5|17|12|8|10|2|4|3|5,0.31|0.36|0.5|0.52|19|12|8|10|2|3|3|5,6.0,0.0|0.0|0.0|0.0|-1.0|0.0|0.0|0.0|0.0|1.0|0.0|0.0
96,12,0.33|0.28|0.75|0.55|18|10|9|9|2|4|3|5,0.28|0.43|0.26|0.5|17|12|8|10|2|4|3|5,0.46|0.62|0.75|0.19|17|12|8|10|2|4|3|5,7.0,-0.15000000000000002|-0.26|-0.25|0.33|0.0|0.0|0.0|0.0|0.0|0.0|0.0|0.0
97,12,0.33|0.28|0.75|0.55|18|10|9|9|2|4|3|5,0.28|0.43|0.26|0.5|17|12|8|10|2|4|3|5,0.18|0.6|0.6|0.19|17|10|8|10|2|4|3|5,8.0,0.13|-0.24|-0.09999999999999998|0.33|0.0|0.0|0.0|0.0|0.0|0.0|0.0|0.0
98,12,0.33|0.28|0.75|0.55|18|10|9|9|2|4|3|5,0.28|0.43|0.26|0.5|17|12|8|10|2|4|3|5,0.31|0.36|0.5|0.52|18|13|8|10|2|4|4|5,9.0,0.0|0.0|0.0|0.0|0.0|-1.0|0.0|0.0|0.0|0.0|-1.0|0.0
99,13,0.48|0.28|0.14|0.49|17|12|19|12|2|4|5|4,0.18|0.6|0.6|0.19|17|10|8|10|2|4|3|5,0.33|0.44|0.37|0.34|19|14|20|10|2|4|5|4,1.0,0.0|0.0|0.0|0.0|-2.0|-2.0|-1.0|0.0|0.0|0.0|0.0|0.0
100,13,0.48|0.28|0.14|0.49|17|12|19|12|2|4|5|4,0.18|0.6|0.6|0.19|17|10|8|10|2|4|3|5,0.33|0.44|0.37|0.34|19|9|7|15|2|4|5|5,2.0,0.0|0.0|0.0|0.0|-2.0|1.0|1.0|-3.0|0.0|0.0|0.0|0.0
101,13,0.48|0.28|0.14|0.49|17|12|19|12|2|4|5|4,0.18|0.6|0.6|0.19|17|10|8|10|2|4|3|5,0.33|0.44|0.37|0.34|17|10|19|12|2|5|3|4,3.0,0.0|0.0|0.0|0.0|0.0|0.0|0.0|0.0|0.0|-1.0|0.0|0.0
102,13,0.48|0.28|0.14|0.49|17|12|19|12|2|4|5|4,0.18|0.6|0.6|0.19|17|10|8|10|2|4|3|5,0.33|0.44|0.37|0.34|17|10|8|12|2|3|6|3,4.0,0.0|0.0|0.0|0.0|0.0|0.0|0.0|0.0|0.0|1.0|-1.0|1.0
103,13,0.48|0.28|0.14|0.49|17|12|19|12|2|4|5|4,0.18|0.6|0.6|0.19|17|10|8|10|2|4|3|5,0.33|0.44|0.37|0.34|17|12|19|10|2|4|3|4,5.0,0.0|0.0|0.0|0.0|0.0|0.0|0.0|0.0|0.0|0.0|0.0|0.0
104,13,0.48|0.28|0.14|0.49|17|12|19|12|2|4|5|4,0.18|0.6|0.6|0.19|17|10|8|10|2|4|3|5,0.33|0.44|0.37|0.34|17.0|12.0|19.0|12.0|2|4|3|4,6.0,0.0|0.0|0.0|0.0|0.0|0.0|0.0|0.0|0.0|0.0|0.0|0.0
105,13,0.48|0.28|0.14|0.49|17|12|19|12|2|4|5|4,0.18|0.6|0.6|0.19|17|10|8|10|2|4|3|5,0.33|0.44|0.37|0.34|17|10|9|10|2|4|5|4,7.0,0.0|0.0|0.0|0.0|0.0|0.0|-1.0|0.0|0.0|0.0|0.0|0.0
106,13,0.48|0.28|0.14|0.49|17|12|19|12|2|4|5|4,0.18|0.6|0.6|0.19|17|10|8|10|2|4|3|5,0.48|0.55|0.68|0.28|17|12|8|10|2|4|5|4,8.0,-0.14999999999999997|-0.11000000000000004|-0.31000000000000005|0.06|0.0|0.0|0.0|0.0|0.0|0.0|0.0|0.0
107,13,0.48|0.28|0.14|0.49|17|12|19|12|2|4|5|4,0.18|0.6|0.6|0.19|17|10|8|10|2|4|3|5,0.33|0.44|0.37|0.34|18|12|19|10|2|4|4|5,9.0,0.0|0.0|0.0|0.0|-1.0|0.0|0.0|0.0|0.0|0.0|1.0|0.0
108,14,0.24|0.29|0.4|0.48|18|12|19|12|2|4|5|5,0.33|0.44|0.37|0.34|19|14|20|10|2|4|5|4,0.29|0.36|0.38|0.41|20|14|20|10|2|4|5|4,1.0,0.0|0.0|0.0|0.0|-1.0|0.0|0.0|0.0|0.0|0.0|0.0|0.0
109,14,0.24|0.29|0.4|0.48|18|12|19|12|2|4|5|5,0.33|0.44|0.37|0.34|19|14|20|10|2|4|5|4,0.15|0.4|0.46|0.94|19|14|19|12|2|4|5|5,2.0,0.13999999999999999|-0.040000000000000036|-0.08000000000000002|-0.53|0.0|0.0|0.0|0.0|0.0|0.0|0.0|0.0
110,14,0.24|0.29|0.4|0.48|18|12|19|12|2|4|5|5,0.33|0.44|0.37|0.34|19|14|20|10|2|4|5|4,0.29|0.36|0.38|0.41|19|12|20|12|2|5|5|5,3.0,0.0|0.0|0.0|0.0|0.0|0.0|0.0|0.0|0.0|-1.0|0.0|0.0
111,14,0.24|0.29|0.4|0.48|18|12|19|12|2|4|5|5,0.33|0.44|0.37|0.34|19|14|20|10|2|4|5|4,0.11|0.14|0.93|0.33|19|12|19|10|2|4|5|4,4.0,0.18|0.21999999999999997|-0.55|0.07999999999999996|0.0|0.0|0.0|0.0|0.0|0.0|0.0|0.0
112,14,0.24|0.29|0.4|0.48|18|12|19|12|2|4|5|5,0.33|0.44|0.37|0.34|19|14|20|10|2|4|5|4,0.29|0.36|0.38|0.41|19|11|20|10|3|4|5|4,5.0,0.0|0.0|0.0|0.0|0.0|1.0|0.0|0.0|-1.0|0.0|0.0|0.0
113,14,0.24|0.29|0.4|0.48|18|12|19|12|2|4|5|5,0.33|0.44|0.37|0.34|19|14|20|10|2|4|5|4,0.29|0.36|0.38|0.41|19|14|19|12|2|5|5|4,6.0,0.0|0.0|0.0|0.0|0.0|0.0|0.0|0.0|0.0|-1.0|0.0|0.0
114,14,0.24|0.29|0.4|0.48|18|12|19|12|2|4|5|5,0.33|0.44|0.37|0.34|19|14|20|10|2|4|5|4,0.65|0.36|0.63|0.67|19|14|20|12|2|4|5|4,7.0,-0.36000000000000004|0.0|-0.25|-0.26000000000000006|0.0|0.0|0.0|0.0|0.0|0.0|0.0|0.0
115,14,0.24|0.29|0.4|0.48|18|12|19|12|2|4|5|5,0.33|0.44|0.37|0.34|19|14|20|10|2|4|5|4,0.29|0.36|0.38|0.41|19|12|20|10|2|3|5|5,8.0,0.0|0.0|0.0|0.0|0.0|0.0|0.0|0.0|0.0|1.0|0.0|0.0
116,14,0.24|0.29|0.4|0.48|18|12|19|12|2|4|5|5,0.33|0.44|0.37|0.34|19|14|20|10|2|4|5|4,0.29|0.36|0.38|0.41|20|14|19|12|2|5|5|4,9.0,0.0|0.0|0.0|0.0|-1.0|0.0|0.0|0.0|0.0|-1.0|0.0|0.0
117,15,0.29|0.36|0.38|0.41|20|14|19|12|2|5|5|4,0.48|0.28|0.14|0.49|17|12|19|12|2|4|5|4,0.65|0.22|0.06|0.1|20|14|19|12|2|4|5|4,1.0,-0.27|0.1|0.2|0.35|0.0|0.0|0.0|0.0|0.0|0.0|0.0|0.0
118,15,0.29|0.36|0.38|0.41|20|14|19|12|2|5|5|4,0.48|0.28|0.14|0.49|17|12|19|12|2|4|5|4,0.38|0.32|0.26|0.45|20|12|19|12|3|4|5|4,2.0,0.0|0.0|0.0|0.0|0.0|0.0|0.0|0.0|-1.0|0.0|0.0|0.0
119,15,0.29|0.36|0.38|0.41|20|14|19|12|2|5|5|4,0.48|0.28|0.14|0.49|17|12|19|12|2|4|5|4,0.38|0.32|0.26|0.45|22|15|18|12|2|5|5|4,3.0,0.0|0.0|0.0|0.0|-2.0|-1.0|1.0|0.0|0.0|0.0|0.0|0.0
120,15,0.29|0.36|0.38|0.41|20|14|19|12|2|5|5|4,0.48|0.28|0.14|0.49|17|12|19|12|2|4|5|4,0.38|0.32|0.26|0.45|17.0|14.0|19.0|12.0|2|5|5|4,4.0,0.0|0.0|0.0|0.0|0.0|0.0|0.0|0.0|0.0|-1.0|0.0|0.0
121,15,0.29|0.36|0.38|0.41|20|14|19|12|2|5|5|4,0.48|0.28|0.14|0.49|17|12|19|12|2|4|5|4,0.38|0.32|0.26|0.45|17|12|19|12|2|4|6|4,5.0,0.0|0.0|0.0|0.0|0.0|0.0|0.0|0.0|0.0|0.0|-1.0|0.0
122,15,0.29|0.36|0.38|0.41|20|14|19|12|2|5|5|4,0.48|0.28|0.14|0.49|17|12|19|12|2|4|5|4,0.75|0.44|0.53|0.59|17|12|19|12|2|5|5|4,6.0,-0.37|-0.12|-0.27|-0.13999999999999996|0.0|0.0|0.0|0.0|0.0|0.0|0.0|0.0
123,15,0.29|0.36|0.38|0.41|20|14|19|12|2|5|5|4,0.48|0.28|0.14|0.49|17|12|19|12|2|4|5|4,0.78|0.55|0.9|0.72|20|14|19|12|2|5|5|4,7.0,-0.4|-0.23000000000000004|-0.64|-0.26999999999999996|0.0|0.0|0.0|0.0|0.0|0.0|0.0|0.0
124,15,0.29|0.36|0.38|0.41|20|14|19|12|2|5|5|4,0.48|0.28|0.14|0.49|17|12|19|12|2|4|5|4,0.54|0.16|0.87|0.57|17|12|19|12|2|5|5|4,8.0,-0.16000000000000003|0.16|-0.61|-0.11999999999999994|0.0|0.0|0.0|0.0|0.0|0.0|0.0|0.0
125,15,0.29|0.36|0.38|0.41|20|14|19|12|2|5|5|4,0.48|0.28|0.14|0.49|17|12|19|12|2|4|5|4,0.38|0.32|0.26|0.45|17|12|20|12|2|3|5|4,9.0,0.0|0.0|0.0|0.0|0.0|0.0|-1.0|0.0|0.0|1.0|0.0|0.0
126,16,0.75|0.44|0.53|0.59|17|12|19|12|2|5|5|4,0.29|0.36|0.38|0.41|19|12|20|12|2|5|5|5,0.52|0.4|0.46|0.5|19|12|20|12|2|5|6|5,1.0,0.0|0.0|0.0|0.0|0.0|0.0|0.0|0.0|0.0|0.0|-1.0|0.0
127,16,0.75|0.44|0.53|0.59|17|12|19|12|2|5|5|4,0.29|0.36|0.38|0.41|19|12|20|12|2|5|5|5,0.52|0.4|0.46|0.5|20|12|20|12|3|5|5|5,2.0,0.0|0.0|0.0|0.0|-1.0|0.0|0.0|0.0|-1.0|0.0|0.0|0.0
128,16,0.75|0.44|0.53|0.59|17|12|19|12|2|5|5|4,0.29|0.36|0.38|0.41|19|12|20|12|2|5|5|5,0.52|0.4|0.46|0.5|17|12|20|12|2|4|6|4,3.0,0.0|0.0|0.0|0.0|0.0|0.0|0.0|0.0|0.0|1.0|-1.0|1.0
129,16,0.75|0.44|0.53|0.59|17|12|19|12|2|5|5|4,0.29|0.36|0.38|0.41|19|12|20|12|2|5|5|5,0.52|0.4|0.46|0.5|17|12|20|11|2|5|5|4,4.0,0.0|0.0|0.0|0.0|0.0|0.0|-1.0|1.0|0.0|0.0|0.0|0.0
130,16,0.75|0.44|0.53|0.59|17|12|19|12|2|5|5|4,0.29|0.36|0.38|0.41|19|12|20|12|2|5|5|5,0.52|0.4|0.46|0.5|17|12|19|12|2|5|5|5,5.0,0.0|0.0|0.0|0.0|0.0|0.0|0.0|0.0|0.0|0.0|0.0|0.0
131,16,0.75|0.44|0.53|0.59|17|12|19|12|2|5|5|4,0.29|0.36|0.38|0.41|19|12|20|12|2|5|5|5,0.32|0.47|0.88|0.68|17|12|20|12|2|5|5|5,6.0,0.2|-0.06999999999999995|-0.42|-0.18000000000000005|0.0|0.0|0.0|0.0|0.0|0.0|0.0|0.0
132,16,0.75|0.44|0.53|0.59|17|12|19|12|2|5|5|4,0.29|0.36|0.38|0.41|19|12|20|12|2|5|5|5,0.52|0.4|0.46|0.5|17|12|21|12|2|5|5|4,7.0,0.0|0.0|0.0|0.0|0.0|0.0|-1.0|0.0|0.0|0.0|0.0|0.0
133,16,0.75|0.44|0.53|0.59|17|12|19|12|2|5|5|4,0.29|0.36|0.38|0.41|19|12|20|12|2|5|5|5,0.52|0.4|0.46|0.5|20|12|20|12|2|4|5|4,8.0,0.0|0.0|0.0|0.0|-1.0|0.0|0.0|0.0|0.0|1.0|0.0|0.0
134,16,0.75|0.44|0.53|0.59|17|12|19|12|2|5|5|4,0.29|0.36|0.38|0.41|19|12|20|12|2|5|5|5,0.47|0.15|0.17|0.33|17|12|20|12|2|5|5|4,9.0,0.050000000000000044|0.25|0.29000000000000004|0.16999999999999998|0.0|0.0|0.0|0.0|0.0|0.0|0.0|0.0
135,17,0.52|0.4|0.46|0.5|17|12|19|12|2|5|5|5,0.29|0.36|0.38|0.41|19|12|20|12|2|5|5|5,0.4|0.38|0.42|0.45|19|12|20|12|2|4|5|5,1.0,0.0|0.0|0.0|0.0|0.0|0.0|0.0|0.0|0.0|1.0|0.0|0.0
136,17,0.52|0.4|0.46|0.5|17|12|19|12|2|5|5|5,0.29|0.36|0.38|0.41|19|12|20|12|2|5|5|5,0.4|0.38|0.42|0.45|19|12|19|12|2|4|5|5,2.0,0.0|0.0|0.0|0.0|0.0|0.0|0.0|0.0|0.0|1.0|0.0|0.0
137,17,0.52|0.4|0.46|0.5|17|12|19|12|2|5|5|5,0.29|0.36|0.38|0.41|19|12|20|12|2|5|5|5,0.54|0.15|0.62|0.4|19|12|20|12|2|5|5|5,3.0,-0.14|0.23|-0.2|0.04999999999999999|0.0|0.0|0.0|0.0|0.0|0.0|0.0|0.0
138,17,0.52|0.4|0.46|0.5|17|12|19|12|2|5|5|5,0.29|0.36|0.38|0.41|19|12|20|12|2|5|5|5,0.4|0.38|0.42|0.45|19|11|20|12|2|5|5|5,4.0,0.0|0.0|0.0|0.0|0.0|1.0|0.0|0.0|0.0|0.0|0.0|0.0
139,17,0.52|0.4|0.46|0.5|17|12|19|12|2|5|5|5,0.29|0.36|0.38|0.41|19|12|20|12|2|5|5|5,0.4|0.38|0.42|0.45|17.0|12.0|20.0|12.0|2|5|5|5,5.0,0.0|0.0|0.0|0.0|0.0|0.0|0.0|0.0|0.0|0.0|0.0|0.0
140,17,0.52|0.4|0.46|0.5|17|12|19|12|2|5|5|5,0.29|0.36|0.38|0.41|19|12|20|12|2|5|5|5,0.67|0.44|0.06|0.14|17|12|19|12|2|5|5|5,6.0,-0.27|-0.06|0.36|0.31|0.0|0.0|0.0|0.0|0.0|0.0|0.0|0.0
141,17,0.52|0.4|0.46|0.5|17|12|19|12|2|5|5|5,0.29|0.36|0.38|0.41|19|12|20|12|2|5|5|5,0.4|0.38|0.42|0.45|17|12|19|12|2|5|6|5,7.0,0.0|0.0|0.0|0.0|0.0|0.0|0.0|0.0|0.0|0.0|-1.0|0.0
142,17,0.52|0.4|0.46|0.5|17|12|19|12|2|5|5|5,0.29|0.36|0.38|0.41|19|12|20|12|2|5|5|5,0.4|0.38|0.42|0.45|19|12|20|12|2|4|5|5,8.0,0.0|0.0|0.0|0.0|0.0|0.0|0.0|0.0|0.0|1.0|0.0|0.0
143,17,0.52|0.4|0.46|0.5|17|12|19|12|2|5|5|5,0.29|0.36|0.38|0.41|19|12|20|12|2|5|5|5,0.1|0.28|0.76|0.77|17|12|19|12|2|5|5|5,9.0,0.30000000000000004|0.09999999999999998|-0.34|-0.32|0.0|0.0|0.0|0.0|0.0|0.0|0.0|0.0
144,18,0.1|0.28|0.76|0.77|17|12|19|12|2|5|5|5,0.4|0.38|0.42|0.45|17.0|12.0|20.0|12.0|2|5|5|5,0.25|0.33|0.59|0.61|17.0|11.0|20.0|12.0|3|5|5|5,1.0,0.0|0.0|0.0|0.0|0.0|1.0|0.0|0.0|-1.0|0.0|0.0|0.0
145,18,0.1|0.28|0.76|0.77|17|12|19|12|2|5|5|5,0.4|0.38|0.42|0.45|17.0|12.0|20.0|12.0|2|5|5|5,0.25|0.33|0.59|0.61|17.0|11.0|20.0|12.0|2|5|6|5,2.0,0.0|0.0|0.0|0.0|0.0|1.0|0.0|0.0|0.0|0.0|-1.0|0.0
146,18,0.1|0.28|0.76|0.77|17|12|19|12|2|5|5|5,0.4|0.38|0.42|0.45|17.0|12.0|20.0|12.0|2|5|5|5,0.25|0.33|0.59|0.61|18.0|13.0|21.0|14.0|2|5|5|5,3.0,0.0|0.0|0.0|0.0|-1.0|-1.0|-1.0|-2.0|0.0|0.0|0.0|0.0
147,18,0.1|0.28|0.76|0.77|17|12|19|12|2|5|5|5,0.4|0.38|0.42|0.45|17.0|12.0|20.0|12.0|2|5|5|5,0.25|0.33|0.59|0.61|17.0|12.0|19.0|12.0|2|6|5|6,4.0,0.0|0.0|0.0|0.0|0.0|0.0|0.0|0.0|0.0|-1.0|0.0|-1.0
148,18,0.1|0.28|0.76|0.77|17|12|19|12|2|5|5|5,0.4|0.38|0.42|0.45|17.0|12.0|20.0|12.0|2|5|5|5,0.25|0.33|0.59|0.61|17.0|13.0|20.0|12.0|2|4|5|5,5.0,0.0|0.0|0.0|0.0|0.0|-1.0|0.0|0.0|0.0|1.0|0.0|0.0
149,18,0.1|0.28|0.76|0.77|17|12|19|12|2|5|5|5,0.4|0.38|0.42|0.45|17.0|12.0|20.0|12.0|2|5|5|5,0.25|0.33|0.59|0.61|17.0|12.0|20.0|12.0|2|5|5|4,6.0,0.0|0.0|0.0|0.0|0.0|0.0|0.0|0.0|0.0|0.0|0.0|1.0
150,18,0.1|0.28|0.76|0.77|17|12|19|12|2|5|5|5,0.4|0.38|0.42|0.45|17.0|12.0|20.0|12.0|2|5|5|5,0.25|0.33|0.59|0.61|17.0|12.0|21.0|12.0|2|5|5|5,7.0,0.0|0.0|0.0|0.0|0.0|0.0|-1.0|0.0|0.0|0.0|0.0|0.0
151,18,0.1|0.28|0.76|0.77|17|12|19|12|2|5|5|5,0.4|0.38|0.42|0.45|17.0|12.0|20.0|12.0|2|5|5|5,0.25|0.33|0.59|0.61|17.0|12.0|20.0|15.0|2|5|5|5,8.0,0.0|0.0|0.0|0.0|0.0|0.0|-1.0|-3.0|0.0|0.0|0.0|0.0
152,18,0.1|0.28|0.76|0.77|17|12|19|12|2|5|5|5,0.4|0.38|0.42|0.45|17.0|12.0|20.0|12.0|2|5|5|5,0.25|0.33|0.59|0.61|17.0|12.0|19.0|12.0|2|4|5|4,9.0,0.0|0.0|0.0|0.0|0.0|0.0|0.0|0.0|0.0|1.0|0.0|1.0
153,19,0.67|0.44|0.06|0.14|17|12|19|12|2|5|5|5,0.32|0.47|0.88|0.68|17|12|20|12|2|5|5|5,0.5|0.45|0.47|0.41|17|13|20|12|2|5|5|5,1.0,0.0|0.0|0.0|0.0|0.0|-1.0|0.0|0.0|0.0|0.0|0.0|0.0
154,19,0.67|0.44|0.06|0.14|17|12|19|12|2|5|5|5,0.32|0.47|0.88|0.68|17|12|20|12|2|5|5|5,0.5|0.45|0.47|0.41|17|12|20|12|2|5|4|5,2.0,0.0|0.0|0.0|0.0|0.0|0.0|0.0|0.0|0.0|0.0|1.0|0.0
155,19,0.67|0.44|0.06|0.14|17|12|19|12|2|5|5|5,0.32|0.47|0.88|0.68|17|12|20|12|2|5|5|5,0.5|0.45|0.47|0.41|17|12|20|12|3|4|4|6,3.0,0.0|0.0|0.0|0.0|0.0|0.0|0.0|0.0|-1.0|1.0|1.0|-1.0
156,19,0.67|0.44|0.06|0.14|17|12|19|12|2|5|5|5,0.32|0.47|0.88|0.68|17|12|20|12|2|5|5|5,0.5|0.45|0.47|0.41|17|12|18|12|2|5|5|5,4.0,0.0|0.0|0.0|0.0|0.0|0.0|1.0|0.0|0.0|0.0|0.0|0.0
157,19,0.67|0.44|0.06|0.14|17|12|19|12|2|5|5|5,0.32|0.47|0.88|0.68|17|12|20|12|2|5|5|5,0.5|0.45|0.47|0.41|17|12|20|12|2|5|5|5,5.0,0.0|0.0|0.0|0.0|0.0|0.0|0.0|0.0|0.0|0.0|0.0|0.0
158,19,0.67|0.44|0.06|0.14|17|12|19|12|2|5|5|5,0.32|0.47|0.88|0.68|17|12|20|12|2|5|5|5,0.5|0.45|0.47|0.41|17|11|19|12|2|6|5|5,6.0,0.0|0.0|0.0|0.0|0.0|1.0|0.0|0.0|0.0|-1.0|0.0|0.0
159,19,0.67|0.44|0.06|0.14|17|12|19|12|2|5|5|5,0.32|0.47|0.88|0.68|17|12|20|12|2|5|5|5,0.5|0.45|0.47|0.41|17|12|19|12|3|4|5|5,7.0,0.0|0.0|0.0|0.0|0.0|0.0|0.0|0.0|-1.0|1.0|0.0|0.0
160,19,0.67|0.44|0.06|0.14|17|12|19|12|2|5|5|5,0.32|0.47|0.88|0.68|17|12|20|12|2|5|5|5,0.13|0.94|0.08|0.18|17|12|19|12|2|5|5|5,8.0,0.37|-0.48999999999999994|0.38999999999999996|0.22999999999999998|0.0|0.0|0.0|0.0|0.0|0.0|0.0|0.0
161,19,0.67|0.44|0.06|0.14|17|12|19|12|2|5|5|5,0.32|0.47|0.88|0.68|17|12|20|12|2|5|5|5,0.5|0.45|0.47|0.41|17|12|20|12|3|5|5|5,9.0,0.0|0.0|0.0|0.0|0.0|0.0|0.0|0.0|-1.0|0.0|0.0|0.0
162,20,0.5|0.45|0.47|0.41|17|12|18|12|2|5|5|5,0.32|0.47|0.88|0.68|17|12|20|12|2|5|5|5,0.41|0.46|0.68|0.55|17|12|19|12|2|6|5|5,1.0,0.0|0.0|0.0|0.0|0.0|0.0|1.0|0.0|0.0|-1.0|0.0|0.0
163,20,0.5|0.45|0.47|0.41|17|12|18|12|2|5|5|5,0.32|0.47|0.88|0.68|17|12|20|12|2|5|5|5,0.41|0.46|0.68|0.55|17|12|20|12|2|5|4|5,2.0,0.0|0.0|0.0|0.0|0.0|0.0|0.0|0.0|0.0|0.0|1.0|0.0
164,20,0.5|0.45|0.47|0.41|17|12|18|12|2|5|5|5,0.32|0.47|0.88|0.68|17|12|20|12|2|5|5|5,0.41|0.46|0.68|0.55|18|12|18|12|2|5|5|5,3.0,0.0|0.0|0.0|0.0|-1.0|0.0|0.0|0.0|0.0|0.0|0.0|0.0
165,20,0.5|0.45|0.47|0.41|17|12|18|12|2|5|5|5,0.32|0.47|0.88|0.68|17|12|20|12|2|5|5|5,0.41|0.46|0.68|0.55|18|14|23|15|2|5|5|5,4.0,0.0|0.0|0.0|0.0|-1.0|-2.0|-3.0|-3.0|0.0|0.0|0.0|0.0
166,20,0.5|0.45|0.47|0.41|17|12|18|12|2|5|5|5,0.32|0.47|0.88|0.68|17|12|20|12|2|5|5|5,0.41|0.46|0.68|0.55|17|12|19|12|2|5|5|5,5.0,0.0|0.0|0.0|0.0|0.0|0.0|1.0|0.0|0.0|0.0|0.0|0.0
167,20,0.5|0.45|0.47|0.41|17|12|18|12|2|5|5|5,0.32|0.47|0.88|0.68|17|12|20|12|2|5|5|5,0.41|0.46|0.68|0.55|18|12|18|12|2|5|5|5,6.0,0.0|0.0|0.0|0.0|-1.0|0.0|0.0|0.0|0.0|0.0|0.0|0.0
168,20,0.5|0.45|0.47|0.41|17|12|18|12|2|5|5|5,0.32|0.47|0.88|0.68|17|12|20|12|2|5|5|5,0.41|0.46|0.68|0.55|18|12|20|12|2|5|5|5,7.0,0.0|0.0|0.0|0.0|-1.0|0.0|0.0|0.0|0.0|0.0|0.0|0.0
169,20,0.5|0.45|0.47|0.41|17|12|18|12|2|5|5|5,0.32|0.47|0.88|0.68|17|12|20|12|2|5|5|5,0.41|0.46|0.68|0.55|17|12|18|12|2|4|5|5,8.0,0.0|0.0|0.0|0.0|0.0|0.0|0.0|0.0|0.0|1.0|0.0|0.0
170,20,0.5|0.45|0.47|0.41|17|12|18|12|2|5|5|5,0.32|0.47|0.88|0.68|17|12|20|12|2|5|5|5,0.41|0.46|0.68|0.55|17.0|12.0|20.0|12.0|2|5|4|5,9.0,0.0|0.0|0.0|0.0|0.0|0.0|0.0|0.0|0.0|0.0|1.0|0.0
171,21,0.5|0.45|0.47|0.41|17|12|18|12|2|5|5|5,0.1|0.28|0.76|0.77|17|12|19|12|2|5|5|5,0.21|0.4|0.25|0.93|17|12|18|12|2|5|5|5,1.0,0.09|-0.040000000000000036|0.37|-0.3400000000000001|0.0|0.0|0.0|0.0|0.0|0.0|0.0|0.0
172,21,0.5|0.45|0.47|0.41|17|12|18|12|2|5|5|5,0.1|0.28|0.76|0.77|17|12|19|12|2|5|5|5,0.3|0.36|0.62|0.59|17.0|12.0|18.0|12.0|2|5|6|5,2.0,0.0|0.0|0.0|0.0|0.0|0.0|0.0|0.0|0.0|0.0|-1.0|0.0
173,21,0.5|0.45|0.47|0.41|17|12|18|12|2|5|5|5,0.1|0.28|0.76|0.77|17|12|19|12|2|5|5|5,0.3|0.36|0.62|0.59|20|14|21|11|2|5|5|5,3.0,0.0|0.0|0.0|0.0|-3.0|-2.0|-3.0|1.0|0.0|0.0|0.0|0.0
174,21,0.5|0.45|0.47|0.41|17|12|18|12|2|5|5|5,0.1|0.28|0.76|0.77|17|12|19|12|2|5|5|5,0.3|0.36|0.62|0.59|17|12|18|12|3|4|6|4,4.0,0.0|0.0|0.0|0.0|0.0|0.0|0.0|0.0|-1.0|1.0|-1.0|1.0
175,21,0.5|0.45|0.47|0.41|17|12|18|12|2|5|5|5,0.1|0.28|0.76|0.77|17|12|19|12|2|5|5|5,0.3|0.36|0.62|0.59|17|12|18|12|3|5|5|5,5.0,0.0|0.0|0.0|0.0|0.0|0.0|0.0|0.0|-1.0|0.0|0.0|0.0
176,21,0.5|0.45|0.47|0.41|17|12|18|12|2|5|5|5,0.1|0.28|0.76|0.77|17|12|19|12|2|5|5|5,0.3|0.36|0.62|0.59|17|12|20|12|2|5|5|5,6.0,0.0|0.0|0.0|0.0|0.0|0.0|-1.0|0.0|0.0|0.0|0.0|0.0
177,21,0.5|0.45|0.47|0.41|17|12|18|12|2|5|5|5,0.1|0.28|0.76|0.77|17|12|19|12|2|5|5|5,0.3|0.36|0.62|0.59|17.0|12.0|19.0|12.0|2|5|5|5,7.0,0.0|0.0|0.0|0.0|0.0|0.0|0.0|0.0|0.0|0.0|0.0|0.0
178,21,0.5|0.45|0.47|0.41|17|12|18|12|2|5|5|5,0.1|0.28|0.76|0.77|17|12|19|12|2|5|5|5,0.71|0.38|0.49|0.76|17|12|18|12|2|5|5|5,8.0,-0.41|-0.020000000000000018|0.13|-0.17000000000000004|0.0|0.0|0.0|0.0|0.0|0.0|0.0|0.0
179,21,0.5|0.45|0.47|0.41|17|12|18|12|2|5|5|5,0.1|0.28|0.76|0.77|17|12|19|12|2|5|5|5,0.3|0.36|0.62|0.59|18|12|19|12|2|5|5|5,9.0,0.0|0.0|0.0|0.0|-1.0|0.0|0.0|0.0|0.0|0.0|0.0|0.0
180,22,0.52|0.4|0.46|0.5|17|12|19|12|2|5|5|5,0.67|0.44|0.06|0.14|17|12|19|12|2|5|5|5,0.6|0.42|0.26|0.32|17|12|19|12|2|5|6|5,1.0,0.0|0.0|0.0|0.0|0.0|0.0|0.0|0.0|0.0|0.0|-1.0|0.0
181,22,0.52|0.4|0.46|0.5|17|12|19|12|2|5|5|5,0.67|0.44|0.06|0.14|17|12|19|12|2|5|5|5,0.41|0.04|0.05|1.0|17|12|19|12|2|5|5|5,2.0,0.19|0.38|0.21000000000000002|-0.6799999999999999|0.0|0.0|0.0|0.0|0.0|0.0|0.0|0.0
182,22,0.52|0.4|0.46|0.5|17|12|19|12|2|5|5|5,0.67|0.44|0.06|0.14|17|12|19|12|2|5|5|5,0.47|0.4|0.1|0.54|17|12|19|12|2|5|5|5,3.0,0.13|0.019999999999999962|0.16|-0.22000000000000003|0.0|0.0|0.0|0.0|0.0|0.0|0.0|0.0
183,22,0.52|0.4|0.46|0.5|17|12|19|12|2|5|5|5,0.67|0.44|0.06|0.14|17|12|19|12|2|5|5|5,0.6|0.42|0.26|0.32|17|12|20|12|2|5|5|5,4.0,0.0|0.0|0.0|0.0|0.0|0.0|-1.0|0.0|0.0|0.0|0.0|0.0
184,22,0.52|0.4|0.46|0.5|17|12|19|12|2|5|5|5,0.67|0.44|0.06|0.14|17|12|19|12|2|5|5|5,0.6|0.42|0.26|0.32|17|12|19|12|3|5|5|5,5.0,0.0|0.0|0.0|0.0|0.0|0.0|0.0|0.0|-1.0|0.0|0.0|0.0
185,22,0.52|0.4|0.46|0.5|17|12|19|12|2|5|5|5,0.67|0.44|0.06|0.14|17|12|19|12|2|5|5|5,0.6|0.42|0.26|0.32|18|12|19|12|2|5|6|5,6.0,0.0|0.0|0.0|0.0|-1.0|0.0|0.0|0.0|0.0|0.0|-1.0|0.0
186,22,0.52|0.4|0.46|0.5|17|12|19|12|2|5|5|5,0.67|0.44|0.06|0.14|17|12|19|12|2|5|5|5,0.6|0.42|0.26|0.32|18|12|19|12|2|5|6|5,7.0,0.0|0.0|0.0|0.0|-1.0|0.0|0.0|0.0|0.0|0.0|-1.0|0.0
187,22,0.52|0.4|0.46|0.5|17|12|19|12|2|5|5|5,0.67|0.44|0.06|0.14|17|12|19|12|2|5|5|5,0.6|0.42|0.26|0.32|17|12|18|12|2|5|6|5,8.0,0.0|0.0|0.0|0.0|0.0|0.0|1.0|0.0|0.0|0.0|-1.0|0.0
188,22,0.52|0.4|0.46|0.5|17|12|19|12|2|5|5|5,0.67|0.44|0.06|0.14|17|12|19|12|2|5|5|5,0.6|0.42|0.26|0.32|17|12|19|12|2|5|5|5,9.0,0.0|0.0|0.0|0.0|0.0|0.0|0.0|0.0|0.0|0.0|0.0|0.0
189,23,0.52|0.4|0.46|0.5|17|12|19|12|2|5|5|5,0.67|0.44|0.06|0.14|17|12|19|12|2|5|5|5,0.6|0.42|0.26|0.32|17|12|19|12|2|4|5|5,1.0,0.0|0.0|0.0|0.0|0.0|0.0|0.0|0.0|0.0|1.0|0.0|0.0
190,23,0.52|0.4|0.46|0.5|17|12|19|12|2|5|5|5,0.67|0.44|0.06|0.14|17|12|19|12|2|5|5|5,0.6|0.42|0.26|0.32|17|12|19|12|2|6|5|5,2.0,0.0|0.0|0.0|0.0|0.0|0.0|0.0|0.0|0.0|-1.0|0.0|0.0
191,23,0.52|0.4|0.46|0.5|17|12|19|12|2|5|5|5,0.67|0.44|0.06|0.14|17|12|19|12|2|5|5|5,0.6|0.42|0.26|0.32|17|12|20|12|2|5|5|5,3.0,0.0|0.0|0.0|0.0|0.0|0.0|-1.0|0.0|0.0|0.0|0.0|0.0
192,23,0.52|0.4|0.46|0.5|17|12|19|12|2|5|5|5,0.67|0.44|0.06|0.14|17|12|19|12|2|5|5|5,0.6|0.42|0.26|0.32|17|13|19|12|2|5|5|5,4.0,0.0|0.0|0.0|0.0|0.0|-1.0|0.0|0.0|0.0|0.0|0.0|0.0
193,23,0.52|0.4|0.46|0.5|17|12|19|12|2|5|5|5,0.67|0.44|0.06|0.14|17|12|19|12|2|5|5|5,0.6|0.42|0.26|0.32|17.0|12.0|19.0|12.0|2|5|5|5,5.0,0.0|0.0|0.0|0.0|0.0|0.0|0.0|0.0|0.0|0.0|0.0|0.0
194,23,0.52|0.4|0.46|0.5|17|12|19|12|2|5|5|5,0.67|0.44|0.06|0.14|17|12|19|12|2|5|5|5,0.6|0.42|0.26|0.32|17|13|19|12|2|5|5|5,6.0,0.0|0.0|0.0|0.0|0.0|-1.0|0.0|0.0|0.0|0.0|0.0|0.0
195,23,0.52|0.4|0.46|0.5|17|12|19|12|2|5|5|5,0.67|0.44|0.06|0.14|17|12|19|12|2|5|5|5,0.6|0.42|0.26|0.32|17.0|12.0|19.0|12.0|2|4|5|5,7.0,0.0|0.0|0.0|0.0|0.0|0.0|0.0|0.0|0.0|1.0|0.0|0.0
196,23,0.52|0.4|0.46|0.5|17|12|19|12|2|5|5|5,0.67|0.44|0.06|0.14|17|12|19|12|2|5|5|5,0.6|0.42|0.26|0.32|17|13|19|12|2|5|6|5,8.0,0.0|0.0|0.0|0.0|0.0|-1.0|0.0|0.0|0.0|0.0|-1.0|0.0
197,23,0.52|0.4|0.46|0.5|17|12|19|12|2|5|5|5,0.67|0.44|0.06|0.14|17|12|19|12|2|5|5|5,0.8|0.09|0.31|0.97|17|12|19|12|2|5|5|5,9.0,-0.20000000000000007|0.32999999999999996|-0.04999999999999999|-0.6499999999999999|0.0|0.0|0.0|0.0|0.0|0.0|0.0|0.0
198,24,0.5|0.45|0.47|0.41|17|12|18|12|2|5|5|5,0.71|0.38|0.49|0.76|17|12|18|12|2|5|5|5,0.86|0.01|0.33|0.09|17|12|18|12|2|5|5|5,1.0,-0.26|0.41|0.14999999999999997|0.49|0.0|0.0|0.0|0.0|0.0|0.0|0.0|0.0
199,24,0.5|0.45|0.47|0.41|17|12|18|12|2|5|5|5,0.71|0.38|0.49|0.76|17|12|18|12|2|5|5|5,0.6|0.42|0.48|0.58|17|11|18|12|2|5|4|5,2.0,0.0|0.0|0.0|0.0|0.0|1.0|0.0|0.0|0.0|0.0|1.0|0.0
200,24,0.5|0.45|0.47|0.41|17|12|18|12|2|5|5|5,0.71|0.38|0.49|0.76|17|12|18|12|2|5|5|5,0.6|0.42|0.48|0.58|17|13|18|12|2|5|5|5,3.0,0.0|0.0|0.0|0.0|0.0|-1.0|0.0|0.0|0.0|0.0|0.0|0.0
201,24,0.5|0.45|0.47|0.41|17|12|18|12|2|5|5|5,0.71|0.38|0.49|0.76|17|12|18|12|2|5|5|5,0.6|0.42|0.48|0.58|17|12|17|12|2|5|5|5,4.0,0.0|0.0|0.0|0.0|0.0|0.0|1.0|0.0|0.0|0.0|0.0|0.0
202,24,0.5|0.45|0.47|0.41|17|12|18|12|2|5|5|5,0.71|0.38|0.49|0.76|17|12|18|12|2|5|5|5,0.6|0.42|0.48|0.58|17|12|18|12|2|5|4|5,5.0,0.0|0.0|0.0|0.0|0.0|0.0|0.0|0.0|0.0|0.0|1.0|0.0
203,24,0.5|0.45|0.47|0.41|17|12|18|12|2|5|5|5,0.71|0.38|0.49|0.76|17|12|18|12|2|5|5|5,0.6|0.42|0.48|0.58|18|13|21|12|2|5|5|5,6.0,0.0|0.0|0.0|0.0|-1.0|-1.0|-3.0|0.0|0.0|0.0|0.0|0.0
204,24,0.5|0.45|0.47|0.41|17|12|18|12|2|5|5|5,0.71|0.38|0.49|0.76|17|12|18|12|2|5|5|5,0.6|0.42|0.48|0.58|17|12|18|12|3|5|5|5,7.0,0.0|0.0|0.0|0.0|0.0|0.0|0.0|0.0|-1.0|0.0|0.0|0.0
205,24,0.5|0.45|0.47|0.41|17|12|18|12|2|5|5|5,0.71|0.38|0.49|0.76|17|12|18|12|2|5|5|5,0.6|0.42|0.48|0.58|17|12|18|12|2|4|4|5,8.0,0.0|0.0|0.0|0.0|0.0|0.0|0.0|0.0|0.0|1.0|1.0|0.0
206,24,0.5|0.45|0.47|0.41|17|12|18|12|2|5|5|5,0.71|0.38|0.49|0.76|17|12|18|12|2|5|5|5,0.6|0.42|0.48|0.58|18|13|20|13|2|5|5|5,9.0,0.0|0.0|0.0|0.0|-1.0|-1.0|-2.0|-1.0|0.0|0.0|0.0|0.0
207,25,0.21|0.4|0.25|0.93|17|12|18|12|2|5|5|5,0.71|0.38|0.49|0.76|17|12|18|12|2|5|5|5,0.46|0.39|0.37|0.84|17|15|20|15|2|5|5|5,1.0,0.0|0.0|0.0|0.0|0.0|-3.0|-2.0|-3.0|0.0|0.0|0.0|0.0
208,25,0.21|0.4|0.25|0.93|17|12|18|12|2|5|5|5,0.71|0.38|0.49|0.76|17|12|18|12|2|5|5|5,0.46|0.39|0.37|0.84|17|12|18|12|2|5|5|5,2.0,0.0|0.0|0.0|0.0|0.0|0.0|0.0|0.0|0.0|0.0|0.0|0.0
209,25,0.21|0.4|0.25|0.93|17|12|18|12|2|5|5|5,0.71|0.38|0.49|0.76|17|12|18|12|2|5|5|5,0.46|0.39|0.37|0.84|17|12|18|12|2|6|5|5,3.0,0.0|0.0|0.0|0.0|0.0|0.0|0.0|0.0|0.0|-1.0|0.0|0.0
210,25,0.21|0.4|0.25|0.93|17|12|18|12|2|5|5|5,0.71|0.38|0.49|0.76|17|12|18|12|2|5|5|5,0.46|0.39|0.37|0.84|17.0|12.0|18.0|12.0|3|5|5|5,4.0,0.0|0.0|0.0|0.0|0.0|0.0|0.0|0.0|-1.0|0.0|0.0|0.0
211,25,0.21|0.4|0.25|0.93|17|12|18|12|2|5|5|5,0.71|0.38|0.49|0.76|17|12|18|12|2|5|5|5,0.9|0.37|0.31|0.51|17|12|18|12|2|5|5|5,5.0,-0.44|0.020000000000000018|0.06|0.32999999999999996|0.0|0.0|0.0|0.0|0.0|0.0|0.0|0.0
212,25,0.21|0.4|0.25|0.93|17|12|18|12|2|5|5|5,0.71|0.38|0.49|0.76|17|12|18|12|2|5|5|5,0.85|0.35|0.62|0.99|17|12|18|12|2|5|5|5,6.0,-0.38999999999999996|0.040000000000000036|-0.25|-0.15000000000000002|0.0|0.0|0.0|0.0|0.0|0.0|0.0|0.0
213,25,0.21|0.4|0.25|0.93|17|12|18|12|2|5|5|5,0.71|0.38|0.49|0.76|17|12|18|12|2|5|5|5,0.46|0.39|0.37|0.84|17|12|18|12|2|5|4|4,7.0,0.0|0.0|0.0|0.0|0.0|0.0|0.0|0.0|0.0|0.0|1.0|1.0
214,25,0.21|0.4|0.25|0.93|17|12|18|12|2|5|5|5,0.71|0.38|0.49|0.76|17|12|18|12|2|5|5|5,0.46|0.39|0.37|0.84|17|12|18|12|3|4|6|4,8.0,0.0|0.0|0.0|0.0|0.0|0.0|0.0|0.0|-1.0|1.0|-1.0|1.0
215,25,0.21|0.4|0.25|0.93|17|12|18|12|2|5|5|5,0.71|0.38|0.49|0.76|17|12|18|12|2|5|5|5,0.46|0.39|0.37|0.84|17|12|18|12|2|4|5|5,9.0,0.0|0.0|0.0|0.0|0.0|0.0|0.0|0.0|0.0|1.0|0.0|0.0
216,26,0.6|0.42|0.48|0.58|17|12|17|12|2|5|5|5,0.21|0.4|0.25|0.93|17|12|18|12|2|5|5|5,0.4|0.41|0.36|0.76|17|12|17|12|2|4|5|5,1.0,0.0|0.0|0.0|0.0|0.0|0.0|0.0|0.0|0.0|1.0|0.0|0.0
217,26,0.6|0.42|0.48|0.58|17|12|17|12|2|5|5|5,0.21|0.4|0.25|0.93|17|12|18|12|2|5|5|5,0.4|0.41|0.36|0.76|17|13|16|11|2|5|5|5,2.0,0.0|0.0|0.0|0.0|0.0|-1.0|1.0|1.0|0.0|0.0|0.0|0.0
218,26,0.6|0.42|0.48|0.58|17|12|17|12|2|5|5|5,0.21|0.4|0.25|0.93|17|12|18|12|2|5|5|5,0.4|0.41|0.36|0.76|18|12|17|12|2|5|5|5,3.0,0.0|0.0|0.0|0.0|-1.0|0.0|0.0|0.0|0.0|0.0|0.0|0.0
219,26,0.6|0.42|0.48|0.58|17|12|17|12|2|5|5|5,0.21|0.4|0.25|0.93|17|12|18|12|2|5|5|5,0.53|0.32|0.04|0.57|17|12|17|12|2|5|5|5,4.0,-0.13|0.08999999999999997|0.32|0.19000000000000006|0.0|0.0|0.0|0.0|0.0|0.0|0.0|0.0
220,26,0.6|0.42|0.48|0.58|17|12|17|12|2|5|5|5,0.21|0.4|0.25|0.93|17|12|18|12|2|5|5|5,0.4|0.41|0.36|0.76|17|12|18|12|3|5|5|5,5.0,0.0|0.0|0.0|0.0|0.0|0.0|0.0|0.0|-1.0|0.0|0.0|0.0
221,26,0.6|0.42|0.48|0.58|17|12|17|12|2|5|5|5,0.21|0.4|0.25|0.93|17|12|18|12|2|5|5|5,0.4|0.41|0.36|0.76|17|13|18|12|2|5|5|5,6.0,0.0|0.0|0.0|0.0|0.0|-1.0|0.0|0.0|0.0|0.0|0.0|0.0
222,26,0.6|0.42|0.48|0.58|17|12|17|12|2|5|5|5,0.21|0.4|0.25|0.93|17|12|18|12|2|5|5|5,0.4|0.41|0.36|0.76|17|12|17|12|2|5|5|5,7.0,0.0|0.0|0.0|0.0|0.0|0.0|1.0|0.0|0.0|0.0|0.0|0.0
223,26,0.6|0.42|0.48|0.58|17|12|17|12|2|5|5|5,0.21|0.4|0.25|0.93|17|12|18|12|2|5|5|5,0.4|0.41|0.36|0.76|17|12|17|12|3|4|6|4,8.0,0.0|0.0|0.0|0.0|0.0|0.0|0.0|0.0|-1.0|1.0|-1.0|1.0
224,26,0.6|0.42|0.48|0.58|17|12|17|12|2|5|5|5,0.21|0.4|0.25|0.93|17|12|18|12|2|5|5|5,0.4|0.41|0.36|0.76|17|12|17|12|2|5|4|5,9.0,0.0|0.0|0.0|0.0|0.0|0.0|0.0|0.0|0.0|0.0|1.0|0.0
225,27,0.53|0.32|0.04|0.57|17|12|17|12|2|5|5|5,0.71|0.38|0.49|0.76|17|12|18|12|2|5|5|5,0.56|0.27|0.02|0.6|17|12|17|12|2|5|5|5,1.0,0.05999999999999994|0.07999999999999996|0.24000000000000002|0.06000000000000005|0.0|0.0|0.0|0.0|0.0|0.0|0.0|0.0
226,27,0.53|0.32|0.04|0.57|17|12|17|12|2|5|5|5,0.71|0.38|0.49|0.76|17|12|18|12|2|5|5|5,0.62|0.35|0.26|0.66|17|11|18|12|2|5|6|5,2.0,0.0|0.0|0.0|0.0|0.0|1.0|0.0|0.0|0.0|0.0|-1.0|0.0
227,27,0.53|0.32|0.04|0.57|17|12|17|12|2|5|5|5,0.71|0.38|0.49|0.76|17|12|18|12|2|5|5|5,0.82|0.35|0.61|0.57|17|12|18|12|2|5|5|5,3.0,-0.19999999999999996|0.0|-0.35|0.09000000000000008|0.0|0.0|0.0|0.0|0.0|0.0|0.0|0.0
228,27,0.53|0.32|0.04|0.57|17|12|17|12|2|5|5|5,0.71|0.38|0.49|0.76|17|12|18|12|2|5|5|5,0.62|0.35|0.26|0.66|17|12|18|12|2|5|5|5,4.0,0.0|0.0|0.0|0.0|0.0|0.0|0.0|0.0|0.0|0.0|0.0|0.0
229,27,0.53|0.32|0.04|0.57|17|12|17|12|2|5|5|5,0.71|0.38|0.49|0.76|17|12|18|12|2|5|5|5,0.38|0.52|0.94|0.06|17|12|18|12|2|5|5|5,5.0,0.24|-0.17000000000000004|-0.6799999999999999|0.6000000000000001|0.0|0.0|0.0|0.0|0.0|0.0|0.0|0.0
230,27,0.53|0.32|0.04|0.57|17|12|17|12|2|5|5|5,0.71|0.38|0.49|0.76|17|12|18|12|2|5|5|5,0.62|0.35|0.26|0.66|17|12|17|12|2|5|4|6,6.0,0.0|0.0|0.0|0.0|0.0|0.0|0.0|0.0|0.0|0.0|1.0|-1.0
231,27,0.53|0.32|0.04|0.57|17|12|17|12|2|5|5|5,0.71|0.38|0.49|0.76|17|12|18|12|2|5|5|5,0.62|0.35|0.26|0.66|17|12|18|12|2|5|5|5,7.0,0.0|0.0|0.0|0.0|0.0|0.0|-1.0|0.0|0.0|0.0|0.0|0.0
232,27,0.53|0.32|0.04|0.57|17|12|17|12|2|5|5|5,0.71|0.38|0.49|0.76|17|12|18|12|2|5|5|5,0.99|0.97|0.26|0.67|17|12|17|12|2|5|5|5,8.0,-0.37|-0.62|0.0|-0.010000000000000009|0.0|0.0|0.0|0.0|0.0|0.0|0.0|0.0
233,27,0.53|0.32|0.04|0.57|17|12|17|12|2|5|5|5,0.71|0.38|0.49|0.76|17|12|18|12|2|5|5|5,0.62|0.35|0.26|0.66|17|12|18|12|2|5|6|5,9.0,0.0|0.0|0.0|0.0|0.0|0.0|0.0|0.0|0.0|0.0|-1.0|0.0
234,28,0.53|0.32|0.04|0.57|17|12|17|12|2|5|5|5,0.4|0.41|0.36|0.76|17|12|17|12|2|5|5|5,0.46|0.36|0.2|0.66|17|12|17|12|3|5|5|6,1.0,0.0|0.0|0.0|0.0|0.0|0.0|0.0|0.0|-1.0|0.0|0.0|-1.0
235,28,0.53|0.32|0.04|0.57|17|12|17|12|2|5|5|5,0.4|0.41|0.36|0.76|17|12|17|12|2|5|5|5,0.46|0.36|0.2|0.66|17|11|17|12|2|5|5|5,2.0,0.0|0.0|0.0|0.0|0.0|1.0|0.0|0.0|0.0|0.0|0.0|0.0
236,28,0.53|0.32|0.04|0.57|17|12|17|12|2|5|5|5,0.4|0.41|0.36|0.76|17|12|17|12|2|5|5|5,0.23|0.21|0.28|0.14|17|12|17|12|2|5|5|5,3.0,0.23|0.15|-0.08000000000000002|0.52|0.0|0.0|0.0|0.0|0.0|0.0|0.0|0.0
237,28,0.53|0.32|0.04|0.57|17|12|17|12|2|5|5|5,0.4|0.41|0.36|0.76|17|12|17|12|2|5|5|5,0.46|0.36|0.2|0.66|17|12|16|12|3|5|5|5,4.0,0.0|0.0|0.0|0.0|0.0|0.0|1.0|0.0|-1.0|0.0|0.0|0.0
238,28,0.53|0.32|0.04|0.57|17|12|17|12|2|5|5|5,0.4|0.41|0.36|0.76|17|12|17|12|2|5|5|5,0.31|0.43|0.81|0.14|17|12|17|12|2|5|5|5,5.0,0.15000000000000002|-0.07|-0.6100000000000001|0.52|0.0|0.0|0.0|0.0|0.0|0.0|0.0|0.0
239,28,0.53|0.32|0.04|0.57|17|12|17|12|2|5|5|5,0.4|0.41|0.36|0.76|17|12|17|12|2|5|5|5,0.22|0.1|0.87|0.21|17|12|17|12|2|5|5|5,6.0,0.24000000000000002|0.26|-0.6699999999999999|0.45000000000000007|0.0|0.0|0.0|0.0|0.0|0.0|0.0|0.0
240,28,0.53|0.32|0.04|0.57|17|12|17|12|2|5|5|5,0.4|0.41|0.36|0.76|17|12|17|12|2|5|5|5,0.46|0.36|0.2|0.66|17|12|16|12|2|6|5|5,7.0,0.0|0.0|0.0|0.0|0.0|0.0|1.0|0.0|0.0|-1.0|0.0|0.0
241,28,0.53|0.32|0.04|0.57|17|12|17|12|2|5|5|5,0.4|0.41|0.36|0.76|17|12|17|12|2|5|5|5,0.46|0.36|0.2|0.66|17|13|16|14|2|5|5|5,8.0,0.0|0.0|0.0|0.0|0.0|-1.0|1.0|-2.0|0.0|0.0|0.0|0.0
242,28,0.53|0.32|0.04|0.57|17|12|17|12|2|5|5|5,0.4|0.41|0.36|0.76|17|12|17|12|2|5|5|5,0.46|0.36|0.2|0.66|17|11|17|12|2|5|5|5,9.0,0.0|0.0|0.0|0.0|0.0|1.0|0.0|0.0|0.0|0.0|0.0|0.0
243,29,0.6|0.42|0.48|0.58|17|12|17|12|2|5|5|5,0.4|0.41|0.36|0.76|17|12|17|12|2|5|5|5,0.5|0.42|0.42|0.67|17|12|17|12|2|5|4|5,1.0,0.0|0.0|0.0|0.0|0.0|0.0|0.0|0.0|0.0|0.0|1.0|0.0
244,29,0.6|0.42|0.48|0.58|17|12|17|12|2|5|5|5,0.4|0.41|0.36|0.76|17|12|17|12|2|5|5|5,0.5|0.42|0.42|0.67|17|11|17|12|2|5|5|5,2.0,0.0|0.0|0.0|0.0|0.0|1.0|0.0|0.0|0.0|0.0|0.0|0.0
245,29,0.6|0.42|0.48|0.58|17|12|17|12|2|5|5|5,0.4|0.41|0.36|0.76|17|12|17|12|2|5|5|5,0.65|0.89|0.44|0.16|17|12|17|12|2|5|5|5,3.0,-0.15000000000000002|-0.47000000000000003|-0.020000000000000018|0.51|0.0|0.0|0.0|0.0|0.0|0.0|0.0|0.0
246,29,0.6|0.42|0.48|0.58|17|12|17|12|2|5|5|5,0.4|0.41|0.36|0.76|17|12|17|12|2|5|5|5,0.89|0.47|0.3|0.2|17|12|17|12|2|5|5|5,4.0,-0.39|-0.04999999999999999|0.12|0.47000000000000003|0.0|0.0|0.0|0.0|0.0|0.0|0.0|0.0
247,29,0.6|0.42|0.48|0.58|17|12|17|12|2|5|5|5,0.4|0.41|0.36|0.76|17|12|17|12|2|5|5|5,0.5|0.42|0.42|0.67|17|11|17|12|2|5|5|5,5.0,0.0|0.0|0.0|0.0|0.0|1.0|0.0|0.0|0.0|0.0|0.0|0.0
248,29,0.6|0.42|0.48|0.58|17|12|17|12|2|5|5|5,0.4|0.41|0.36|0.76|17|12|17|12|2|5|5|5,0.5|0.42|0.42|0.67|17.0|12.0|17.0|12.0|2|4|5|5,6.0,0.0|0.0|0.0|0.0|0.0|0.0|0.0|0.0|0.0|1.0|0.0|0.0
249,29,0.6|0.42|0.48|0.58|17|12|17|12|2|5|5|5,0.4|0.41|0.36|0.76|17|12|17|12|2|5|5|5,0.5|0.42|0.42|0.67|17|12|17|12|2|6|4|5,7.0,0.0|0.0|0.0|0.0|0.0|0.0|0.0|0.0|0.0|-1.0|1.0|0.0
250,29,0.6|0.42|0.48|0.58|17|12|17|12|2|5|5|5,0.4|0.41|0.36|0.76|17|12|17|12|2|5|5|5,0.5|0.42|0.42|0.67|17|12|16|12|2|5|5|5,8.0,0.0|0.0|0.0|0.0|0.0|0.0|1.0|0.0|0.0|0.0|0.0|0.0
251,29,0.6|0.42|0.48|0.58|17|12|17|12|2|5|5|5,0.4|0.41|0.36|0.76|17|12|17|12|2|5|5|5,0.69|0.06|0.9|0.58|17|12|17|12|2|5|5|5,9.0,-0.18999999999999995|0.36|-0.48000000000000004|0.09000000000000008|0.0|0.0|0.0|0.0|0.0|0.0|0.0|0.0
252,30,0.5|0.42|0.42|0.67|17|12|16|12|2|5|5|5,0.4|0.41|0.36|0.76|17|12|17|12|2|5|5|5,0.45|0.42|0.39|0.72|17|12|15|11|2|5|5|5,1.0,0.0|0.0|0.0|0.0|0.0|0.0|1.0|1.0|0.0|0.0|0.0|0.0
253,30,0.5|0.42|0.42|0.67|17|12|16|12|2|5|5|5,0.4|0.41|0.36|0.76|17|12|17|12|2|5|5|5,0.45|0.42|0.39|0.72|17|12|16|12|2|6|5|5,2.0,0.0|0.0|0.0|0.0|0.0|0.0|0.0|0.0|0.0|-1.0|0.0|0.0
254,30,0.5|0.42|0.42|0.67|17|12|16|12|2|5|5|5,0.4|0.41|0.36|0.76|17|12|17|12|2|5|5|5,0.45|0.42|0.39|0.72|17|12|15|12|2|5|6|5,3.0,0.0|0.0|0.0|0.0|0.0|0.0|1.0|0.0|0.0|0.0|-1.0|0.0
255,30,0.5|0.42|0.42|0.67|17|12|16|12|2|5|5|5,0.4|0.41|0.36|0.76|17|12|17|12|2|5|5|5,0.45|0.42|0.39|0.72|17|12|16|12|2|5|4|5,4.0,0.0|0.0|0.0|0.0|0.0|0.0|0.0|0.0|0.0|0.0|1.0|0.0
256,30,0.5|0.42|0.42|0.67|17|12|16|12|2|5|5|5,0.4|0.41|0.36|0.76|17|12|17|12|2|5|5|5,0.45|0.42|0.39|0.72|20|15|18|15|2|5|5|5,5.0,0.0|0.0|0.0|0.0|-3.0|-3.0|-1.0|-3.0|0.0|0.0|0.0|0.0
257,30,0.5|0.42|0.42|0.67|17|12|16|12|2|5|5|5,0.4|0.41|0.36|0.76|17|12|17|12|2|5|5|5,0.73|0.75|0.43|0.01|17|12|17|12|2|5|5|5,6.0,-0.27999999999999997|-0.33|-0.03999999999999998|0.71|0.0|0.0|0.0|0.0|0.0|0.0|0.0|0.0
258,30,0.5|0.42|0.42|0.67|17|12|16|12|2|5|5|5,0.4|0.41|0.36|0.76|17|12|17|12|2|5|5|5,0.45|0.42|0.39|0.72|18|12|17|12|2|5|5|5,7.0,0.0|0.0|0.0|0.0|-1.0|0.0|0.0|0.0|0.0|0.0|0.0|0.0
259,30,0.5|0.42|0.42|0.67|17|12|16|12|2|5|5|5,0.4|0.41|0.36|0.76|17|12|17|12|2|5|5|5,0.45|0.42|0.39|0.72|17|12|17|12|3|4|6|4,8.0,0.0|0.0|0.0|0.0|0.0|0.0|0.0|0.0|-1.0|1.0|-1.0|1.0
260,30,0.5|0.42|0.42|0.67|17|12|16|12|2|5|5|5,0.4|0.41|0.36|0.76|17|12|17|12|2|5|5|5,0.45|0.42|0.39|0.72|18|12|17|12|3|5|5|5,9.0,0.0|0.0|0.0|0.0|-1.0|0.0|0.0|0.0|-1.0|0.0|0.0|0.0
261,31,0.45|0.42|0.39|0.72|17|12|15|11|2|5|5|5,0.56|0.27|0.02|0.6|17|12|17|12|2|5|5|5,0.5|0.34|0.2|0.66|17|11|15|12|2|5|5|5,1.0,0.0|0.0|0.0|0.0|0.0|1.0|0.0|0.0|0.0|0.0|0.0|0.0
262,31,0.45|0.42|0.39|0.72|17|12|15|11|2|5|5|5,0.56|0.27|0.02|0.6|17|12|17|12|2|5|5|5,0.5|0.34|0.2|0.66|17|11|17|12|2|5|5|5,2.0,0.0|0.0|0.0|0.0|0.0|1.0|0.0|0.0|0.0|0.0|0.0|0.0
263,31,0.45|0.42|0.39|0.72|17|12|15|11|2|5|5|5,0.56|0.27|0.02|0.6|17|12|17|12|2|5|5|5,0.5|0.34|0.2|0.66|17|12|15|11|2|4|5|5,3.0,0.0|0.0|0.0|0.0|0.0|0.0|0.0|0.0|0.0|1.0|0.0|0.0
264,31,0.45|0.42|0.39|0.72|17|12|15|11|2|5|5|5,0.56|0.27|0.02|0.6|17|12|17|12|2|5|5|5,0.85|0.93|0.92|0.94|17|12|17|12|2|5|5|5,4.0,-0.35|-0.5900000000000001|-0.72|-0.2799999999999999|0.0|0.0|0.0|0.0|0.0|0.0|0.0|0.0
265,31,0.45|0.42|0.39|0.72|17|12|15|11|2|5|5|5,0.56|0.27|0.02|0.6|17|12|17|12|2|5|5|5,0.5|0.34|0.2|0.66|17|13|15|11|2|6|5|5,5.0,0.0|0.0|0.0|0.0|0.0|-1.0|0.0|0.0|0.0|-1.0|0.0|0.0
266,31,0.45|0.42|0.39|0.72|17|12|15|11|2|5|5|5,0.56|0.27|0.02|0.6|17|12|17|12|2|5|5|5,0.18|0.4|0.28|0.91|17|12|15|12|2|5|5|5,6.0,0.32|-0.06|-0.08000000000000002|-0.25|0.0|0.0|0.0|0.0|0.0|0.0|0.0|0.0
267,31,0.45|0.42|0.39|0.72|17|12|15|11|2|5|5|5,0.56|0.27|0.02|0.6|17|12|17|12|2|5|5|5,0.81|0.86|0.09|0.7|17|12|15|11|2|5|5|5,7.0,-0.31000000000000005|-0.52|0.11000000000000001|-0.039999999999999925|0.0|0.0|0.0|0.0|0.0|0.0|0.0|0.0
268,31,0.45|0.42|0.39|0.72|17|12|15|11|2|5|5|5,0.56|0.27|0.02|0.6|17|12|17|12|2|5|5|5,0.5|0.34|0.2|0.66|17|12|15|11|2|5|6|5,8.0,0.0|0.0|0.0|0.0|0.0|0.0|0.0|0.0|0.0|0.0|-1.0|0.0
269,31,0.45|0.42|0.39|0.72|17|12|15|11|2|5|5|5,0.56|0.27|0.02|0.6|17|12|17|12|2|5|5|5,0.5|0.34|0.2|0.66|17.0|12.0|17.0|12.0|2|5|5|5,9.0,0.0|0.0|0.0|0.0|0.0|0.0|0.0|0.0|0.0|0.0|0.0|0.0
270,32,0.5|0.42|0.42|0.67|17|12|16|12|2|5|5|5,0.53|0.32|0.04|0.57|17|12|17|12|2|5|5|5,0.52|0.37|0.23|0.62|17|13|16|12|2|5|5|5,1.0,0.0|0.0|0.0|0.0|0.0|-1.0|0.0|0.0|0.0|0.0|0.0|0.0
271,32,0.5|0.42|0.42|0.67|17|12|16|12|2|5|5|5,0.53|0.32|0.04|0.57|17|12|17|12|2|5|5|5,0.52|0.37|0.23|0.62|17|11|17|12|2|5|6|5,2.0,0.0|0.0|0.0|0.0|0.0|1.0|0.0|0.0|0.0|0.0|-1.0|0.0
272,32,0.5|0.42|0.42|0.67|17|12|16|12|2|5|5|5,0.53|0.32|0.04|0.57|17|12|17|12|2|5|5|5,0.52|0.37|0.23|0.62|17|15|17|13|2|5|5|5,3.0,0.0|0.0|0.0|0.0|0.0|-3.0|0.0|-1.0|0.0|0.0|0.0|0.0
273,32,0.5|0.42|0.42|0.67|17|12|16|12|2|5|5|5,0.53|0.32|0.04|0.57|17|12|17|12|2|5|5|5,0.52|0.37|0.23|0.62|17|12|16|12|2|4|6|6,4.0,0.0|0.0|0.0|0.0|0.0|0.0|0.0|0.0|0.0|1.0|-1.0|-1.0
274,32,0.5|0.42|0.42|0.67|17|12|16|12|2|5|5|5,0.53|0.32|0.04|0.57|17|12|17|12|2|5|5|5,0.52|0.37|0.23|0.62|17|12|16|12|2|6|5|5,5.0,0.0|0.0|0.0|0.0|0.0|0.0|0.0|0.0|0.0|-1.0|0.0|0.0
275,32,0.5|0.42|0.42|0.67|17|12|16|12|2|5|5|5,0.53|0.32|0.04|0.57|17|12|17|12|2|5|5|5,0.52|0.37|0.23|0.62|17|12|17|12|3|4|5|4,6.0,0.0|0.0|0.0|0.0|0.0|0.0|0.0|0.0|-1.0|1.0|0.0|1.0
276,32,0.5|0.42|0.42|0.67|17|12|16|12|2|5|5|5,0.53|0.32|0.04|0.57|17|12|17|12|2|5|5|5,0.01|0.58|0.87|0.28|17|12|17|12|2|5|5|5,7.0,0.51|-0.20999999999999996|-0.64|0.33999999999999997|0.0|0.0|0.0|0.0|0.0|0.0|0.0|0.0
277,32,0.5|0.42|0.42|0.67|17|12|16|12|2|5|5|5,0.53|0.32|0.04|0.57|17|12|17|12|2|5|5|5,0.52|0.37|0.23|0.62|17|12|16|12|2|5|6|5,8.0,0.0|0.0|0.0|0.0|0.0|0.0|0.0|0.0|0.0|0.0|-1.0|0.0
278,32,0.5|0.42|0.42|0.67|17|12|16|12|2|5|5|5,0.53|0.32|0.04|0.57|17|12|17|12|2|5|5|5,0.52|0.37|0.23|0.62|18|12|17|12|2|4|5|5,9.0,0.0|0.0|0.0|0.0|-1.0|0.0|0.0|0.0|0.0|1.0|0.0|0.0
279,33,0.81|0.86|0.09|0.7|17|12|15|11|2|5|5|5,0.6|0.42|0.48|0.58|17|12|17|12|2|5|5|5,0.7|0.64|0.28|0.64|19|14|14|11|2|5|5|5,1.0,0.0|0.0|0.0|0.0|-2.0|-2.0|1.0|0.0|0.0|0.0|0.0|0.0
280,33,0.81|0.86|0.09|0.7|17|12|15|11|2|5|5|5,0.6|0.42|0.48|0.58|17|12|17|12|2|5|5|5,0.7|0.64|0.28|0.64|17|12|17|11|2|5|5|5,2.0,0.0|0.0|0.0|0.0|0.0|0.0|0.0|0.0|0.0|0.0|0.0|0.0
281,33,0.81|0.86|0.09|0.7|17|12|15|11|2|5|5|5,0.6|0.42|0.48|0.58|17|12|17|12|2|5|5|5,0.7|0.64|0.28|0.64|17.0|12.0|15.0|12.0|3|5|5|5,3.0,0.0|0.0|0.0|0.0|0.0|0.0|0.0|0.0|-1.0|0.0|0.0|0.0
282,33,0.81|0.86|0.09|0.7|17|12|15|11|2|5|5|5,0.6|0.42|0.48|0.58|17|12|17|12|2|5|5|5,0.7|0.64|0.28|0.64|17|14|19|11|2|5|5|5,4.0,0.0|0.0|0.0|0.0|0.0|-2.0|-2.0|0.0|0.0|0.0|0.0|0.0
283,33,0.81|0.86|0.09|0.7|17|12|15|11|2|5|5|5,0.6|0.42|0.48|0.58|17|12|17|12|2|5|5|5,0.7|0.64|0.28|0.64|17|12|15|11|2|5|6|6,5.0,0.0|0.0|0.0|0.0|0.0|0.0|0.0|0.0|0.0|0.0|-1.0|-1.0
284,33,0.81|0.86|0.09|0.7|17|12|15|11|2|5|5|5,0.6|0.42|0.48|0.58|17|12|17|12|2|5|5|5,0.7|0.64|0.28|0.64|18|12|17|12|2|4|5|5,6.0,0.0|0.0|0.0|0.0|-1.0|0.0|0.0|0.0|0.0|1.0|0.0|0.0
285,33,0.81|0.86|0.09|0.7|17|12|15|11|2|5|5|5,0.6|0.42|0.48|0.58|17|12|17|12|2|5|5|5,0.7|0.64|0.28|0.64|17|12|17|12|2|4|5|5,7.0,0.0|0.0|0.0|0.0|0.0|0.0|0.0|0.0|0.0|1.0|0.0|0.0
286,33,0.81|0.86|0.09|0.7|17|12|15|11|2|5|5|5,0.6|0.42|0.48|0.58|17|12|17|12|2|5|5|5,0.7|0.64|0.28|0.64|17|12|15|11|2|5|4|4,8.0,0.0|0.0|0.0|0.0|0.0|0.0|0.0|0.0|0.0|0.0|1.0|1.0
287,33,0.81|0.86|0.09|0.7|17|12|15|11|2|5|5|5,0.6|0.42|0.48|0.58|17|12|17|12|2|5|5|5,0.7|0.64|0.28|0.64|17|11|15|12|3|5|5|5,9.0,0.0|0.0|0.0|0.0|0.0|1.0|0.0|0.0|-1.0|0.0|0.0|0.0
288,34,0.45|0.42|0.39|0.72|17|12|15|11|2|5|5|5,0.5|0.42|0.42|0.67|17|12|16|12|2|5|5|5,0.48|0.42|0.4|0.7|17|12|16|12|3|6|4|5,1.0,0.0|0.0|0.0|0.0|0.0|0.0|0.0|0.0|-1.0|-1.0|1.0|0.0
289,34,0.45|0.42|0.39|0.72|17|12|15|11|2|5|5|5,0.5|0.42|0.42|0.67|17|12|16|12|2|5|5|5,0.48|0.42|0.4|0.7|17|12|17|11|3|5|5|5,2.0,0.0|0.0|0.0|0.0|0.0|0.0|-1.0|0.0|-1.0|0.0|0.0|0.0
290,34,0.45|0.42|0.39|0.72|17|12|15|11|2|5|5|5,0.5|0.42|0.42|0.67|17|12|16|12|2|5|5|5,0.48|0.42|0.4|0.7|17|12|14|11|2|5|5|5,3.0,0.0|0.0|0.0|0.0|0.0|0.0|1.0|0.0|0.0|0.0|0.0|0.0
291,34,0.45|0.42|0.39|0.72|17|12|15|11|2|5|5|5,0.5|0.42|0.42|0.67|17|12|16|12|2|5|5|5,0.19|0.3|0.73|0.78|17|12|16|12|2|5|5|5,4.0,0.29|0.12|-0.32999999999999996|-0.08000000000000007|0.0|0.0|0.0|0.0|0.0|0.0|0.0|0.0
292,34,0.45|0.42|0.39|0.72|17|12|15|11|2|5|5|5,0.5|0.42|0.42|0.67|17|12|16|12|2|5|5|5,0.48|0.42|0.4|0.7|17|12|16|11|2|6|6|4,5.0,0.0|0.0|0.0|0.0|0.0|0.0|0.0|0.0|0.0|-1.0|-1.0|1.0
293,34,0.45|0.42|0.39|0.72|17|12|15|11|2|5|5|5,0.5|0.42|0.42|0.67|17|12|16|12|2|5|5|5,0.48|0.42|0.4|0.7|17|12|15|12|2|6|5|5,6.0,0.0|0.0|0.0|0.0|0.0|0.0|0.0|0.0|0.0|-1.0|0.0|0.0
294,34,0.45|0.42|0.39|0.72|17|12|15|11|2|5|5|5,0.5|0.42|0.42|0.67|17|12|16|12|2|5|5|5,0.48|0.42|0.4|0.7|17.0|12.0|15.0|11.0|2|5|5|5,7.0,0.0|0.0|0.0|0.0|0.0|0.0|0.0|0.0|0.0|0.0|0.0|0.0
295,34,0.45|0.42|0.39|0.72|17|12|15|11|2|5|5|5,0.5|0.42|0.42|0.67|17|12|16|12|2|5|5|5,0.41|0.55|0.17|0.89|17|12|15|11|2|5|5|5,8.0,0.07|-0.13000000000000006|0.23|-0.19000000000000006|0.0|0.0|0.0|0.0|0.0|0.0|0.0|0.0
296,34,0.45|0.42|0.39|0.72|17|12|15|11|2|5|5|5,0.5|0.42|0.42|0.67|17|12|16|12|2|5|5|5,0.56|0.63|0.58|0.77|17|12|16|11|2|5|5|5,9.0,-0.08000000000000007|-0.21000000000000002|-0.17999999999999994|-0.07000000000000006|0.0|0.0|0.0|0.0|0.0|0.0|0.0|0.0
297,35,0.81|0.86|0.09|0.7|17|12|15|11|2|5|5|5,0.48|0.42|0.4|0.7|17.0|12.0|15.0|11.0|2|5|5|5,0.64|0.64|0.24|0.7|17.0|11.0|18.0|14.0|2|5|5|5,1.0,0.0|0.0|0.0|0.0|0.0|1.0|-3.0|-3.0|0.0|0.0|0.0|0.0
298,35,0.81|0.86|0.09|0.7|17|12|15|11|2|5|5|5,0.48|0.42|0.4|0.7|17.0|12.0|15.0|11.0|2|5|5|5,0.64|0.64|0.24|0.7|17.0|13.0|15.0|11.0|2|5|5|5,2.0,0.0|0.0|0.0|0.0|0.0|-1.0|0.0|0.0|0.0|0.0|0.0|0.0
299,35,0.81|0.86|0.09|0.7|17|12|15|11|2|5|5|5,0.48|0.42|0.4|0.7|17.0|12.0|15.0|11.0|2|5|5|5,0.64|0.64|0.24|0.7|17.0|12.0|15.0|11.0|2|4|5|5,3.0,0.0|0.0|0.0|0.0|0.0|0.0|0.0|0.0|0.0|1.0|0.0|0.0
300,35,0.81|0.86|0.09|0.7|17|12|15|11|2|5|5|5,0.48|0.42|0.4|0.7|17.0|12.0|15.0|11.0|2|5|5|5,0.66|0.1|0.69|0.41|17.0|12.0|15.0|11.0|2|5|5|5,4.0,-0.020000000000000018|0.54|-0.44999999999999996|0.29|0.0|0.0|0.0|0.0|0.0|0.0|0.0|0.0
301,35,0.81|0.86|0.09|0.7|17|12|15|11|2|5|5|5,0.48|0.42|0.4|0.7|17.0|12.0|15.0|11.0|2|5|5|5,0.64|0.64|0.24|0.7|17.0|12.0|14.0|11.0|2|5|5|5,5.0,0.0|0.0|0.0|0.0|0.0|0.0|1.0|0.0|0.0|0.0|0.0|0.0
302,35,0.81|0.86|0.09|0.7|17|12|15|11|2|5|5|5,0.48|0.42|0.4|0.7|17.0|12.0|15.0|11.0|2|5|5|5,0.64|0.64|0.24|0.7|17.0|13.0|15.0|11.0|2|5|5|5,6.0,0.0|0.0|0.0|0.0|0.0|-1.0|0.0|0.0|0.0|0.0|0.0|0.0
303,35,0.81|0.86|0.09|0.7|17|12|15|11|2|5|5|5,0.48|0.42|0.4|0.7|17.0|12.0|15.0|11.0|2|5|5|5,0.28|0.27|0.44|0.85|17.0|12.0|15.0|11.0|2|5|5|5,7.0,0.36|0.37|-0.2|-0.15000000000000002|0.0|0.0|0.0|0.0|0.0|0.0|0.0|0.0
304,35,0.81|0.86|0.09|0.7|17|12|15|11|2|5|5|5,0.48|0.42|0.4|0.7|17.0|12.0|15.0|11.0|2|5|5|5,0.64|0.64|0.24|0.7|17.0|12.0|15.0|11.0|2|4|5|5,8.0,0.0|0.0|0.0|0.0|0.0|0.0|0.0|0.0|0.0|1.0|0.0|0.0
305,35,0.81|0.86|0.09|0.7|17|12|15|11|2|5|5|5,0.48|0.42|0.4|0.7|17.0|12.0|15.0|11.0|2|5|5|5,0.64|0.64|0.24|0.7|19.0|11.0|15.0|14.0|2|5|5|5,9.0,0.0|0.0|0.0|0.0|-2.0|1.0|0.0|-3.0|0.0|0.0|0.0|0.0
306,36,0.48|0.42|0.4|0.7|17|12|14|11|2|5|5|5,0.48|0.42|0.4|0.7|17.0|12.0|15.0|11.0|2|5|5|5,0.48|0.42|0.4|0.7|17.0|11.0|15.0|11.0|2|6|5|5,1.0,0.0|0.0|0.0|0.0|0.0|1.0|0.0|0.0|0.0|-1.0|0.0|0.0
307,36,0.48|0.42|0.4|0.7|17|12|14|11|2|5|5|5,0.48|0.42|0.4|0.7|17.0|12.0|15.0|11.0|2|5|5|5,0.48|0.42|0.4|0.7|17.0|12.0|15.0|11.0|2|5|6|5,2.0,0.0|0.0|0.0|0.0|0.0|0.0|0.0|0.0|0.0|0.0|-1.0|0.0
308,36,0.48|0.42|0.4|0.7|17|12|14|11|2|5|5|5,0.48|0.42|0.4|0.7|17.0|12.0|15.0|11.0|2|5|5|5,0.48|0.42|0.4|0.7|17.0|12.0|14.0|11.0|2|5|4|5,3.0,0.0|0.0|0.0|0.0|0.0|0.0|0.0|0.0|0.0|0.0|1.0|0.0
309,36,0.48|0.42|0.4|0.7|17|12|14|11|2|5|5|5,0.48|0.42|0.4|0.7|17.0|12.0|15.0|11.0|2|5|5|5,0.48|0.42|0.4|0.7|17.0|12.0|16.0|11.0|2|4|5|5,4.0,0.0|0.0|0.0|0.0|0.0|0.0|-1.0|0.0|0.0|1.0|0.0|0.0
310,36,0.48|0.42|0.4|0.7|17|12|14|11|2|5|5|5,0.48|0.42|0.4|0.7|17.0|12.0|15.0|11.0|2|5|5|5,0.48|0.42|0.4|0.7|17.0|12.0|14.0|11.0|2|5|5|5,5.0,0.0|0.0|0.0|0.0|0.0|0.0|1.0|0.0|0.0|0.0|0.0|0.0
311,36,0.48|0.42|0.4|0.7|17|12|14|11|2|5|5|5,0.48|0.42|0.4|0.7|17.0|12.0|15.0|11.0|2|5|5|5,0.48|0.42|0.4|0.7|17.0|12.0|15.0|11.0|3|5|5|5,6.0,0.0|0.0|0.0|0.0|0.0|0.0|0.0|0.0|-1.0|0.0|0.0|0.0
312,36,0.48|0.42|0.4|0.7|17|12|14|11|2|5|5|5,0.48|0.42|0.4|0.7|17.0|12.0|15.0|11.0|2|5|5|5,0.26|0.28|0.41|0.78|17.0|12.0|14.0|11.0|2|5|5|5,7.0,0.21999999999999997|0.13999999999999996|-0.009999999999999953|-0.08000000000000007|0.0|0.0|0.0|0.0|0.0|0.0|0.0|0.0
313,36,0.48|0.42|0.4|0.7|17|12|14|11|2|5|5|5,0.48|0.42|0.4|0.7|17.0|12.0|15.0|11.0|2|5|5|5,0.48|0.42|0.4|0.7|17.0|12.0|14.0|11.0|2|5|5|5,8.0,0.0|0.0|0.0|0.0|0.0|0.0|1.0|0.0|0.0|0.0|0.0|0.0
314,36,0.48|0.42|0.4|0.7|17|12|14|11|2|5|5|5,0.48|0.42|0.4|0.7|17.0|12.0|15.0|11.0|2|5|5|5,0.48|0.42|0.4|0.7|17.0|12.0|14.0|11.0|2|6|5|5,9.0,0.0|0.0|0.0|0.0|0.0|0.0|1.0|0.0|0.0|-1.0|0.0|0.0
315,37,0.48|0.42|0.4|0.7|17.0|12.0|14.0|11.0|2|5|5|5,0.81|0.86|0.09|0.7|17|12|15|11|2|5|5|5,0.64|0.64|0.24|0.7|17.0|11.0|14.0|11.0|3|5|5|5,1.0,0.0|0.0|0.0|0.0|0.0|1.0|0.0|0.0|-1.0|0.0|0.0|0.0
316,37,0.48|0.42|0.4|0.7|17.0|12.0|14.0|11.0|2|5|5|5,0.81|0.86|0.09|0.7|17|12|15|11|2|5|5|5,0.64|0.64|0.24|0.7|17.0|13.0|14.0|11.0|2|5|5|5,2.0,0.0|0.0|0.0|0.0|0.0|-1.0|0.0|0.0|0.0|0.0|0.0|0.0
317,37,0.48|0.42|0.4|0.7|17.0|12.0|14.0|11.0|2|5|5|5,0.81|0.86|0.09|0.7|17|12|15|11|2|5|5|5,0.94|0.36|0.78|0.83|17.0|12.0|15.0|11.0|2|5|5|5,3.0,-0.29999999999999993|0.28|-0.54|-0.13|0.0|0.0|0.0|0.0|0.0|0.0|0.0|0.0
318,37,0.48|0.42|0.4|0.7|17.0|12.0|14.0|11.0|2|5|5|5,0.81|0.86|0.09|0.7|17|12|15|11|2|5|5|5,0.64|0.64|0.24|0.7|17.0|11.0|16.0|13.0|2|5|5|5,4.0,0.0|0.0|0.0|0.0|0.0|1.0|-2.0|-2.0|0.0|0.0|0.0|0.0
319,37,0.48|0.42|0.4|0.7|17.0|12.0|14.0|11.0|2|5|5|5,0.81|0.86|0.09|0.7|17|12|15|11|2|5|5|5,0.26|0.34|0.55|0.07|17.0|12.0|15.0|11.0|2|5|5|5,5.0,0.38|0.3|-0.31000000000000005|0.6299999999999999|0.0|0.0|0.0|0.0|0.0|0.0|0.0|0.0
320,37,0.48|0.42|0.4|0.7|17.0|12.0|14.0|11.0|2|5|5|5,0.81|0.86|0.09|0.7|17|12|15|11|2|5|5|5,0.64|0.64|0.24|0.7|17.0|13.0|15.0|11.0|2|5|6|5,6.0,0.0|0.0|0.0|0.0|0.0|-1.0|0.0|0.0|0.0|0.0|-1.0|0.0
321,37,0.48|0.42|0.4|0.7|17.0|12.0|14.0|11.0|2|5|5|5,0.81|0.86|0.09|0.7|17|12|15|11|2|5|5|5,0.64|0.64|0.24|0.7|17.0|13.0|15.0|11.0|3|5|5|5,7.0,0.0|0.0|0.0|0.0|0.0|-1.0|0.0|0.0|-1.0|0.0|0.0|0.0
322,37,0.48|0.42|0.4|0.7|17.0|12.0|14.0|11.0|2|5|5|5,0.81|0.86|0.09|0.7|17|12|15|11|2|5|5|5,0.37|0.73|0.07|0.61|17.0|12.0|15.0|11.0|2|5|5|5,8.0,0.27|-0.08999999999999997|0.16999999999999998|0.08999999999999997|0.0|0.0|0.0|0.0|0.0|0.0|0.0|0.0
323,37,0.48|0.42|0.4|0.7|17.0|12.0|14.0|11.0|2|5|5|5,0.81|0.86|0.09|0.7|17|12|15|11|2|5|5|5,0.64|0.64|0.24|0.7|17.0|12.0|16.0|11.0|2|4|5|5,9.0,0.0|0.0|0.0|0.0|0.0|0.0|-1.0|0.0|0.0|1.0|0.0|0.0
324,38,0.64|0.64|0.24|0.7|17.0|12.0|14.0|11.0|2|5|5|5,0.45|0.42|0.39|0.72|17|12|15|11|2|5|5|5,0.55|0.53|0.32|0.71|17.0|12.0|15.0|11.0|3|4|5|6,1.0,0.0|0.0|0.0|0.0|0.0|0.0|0.0|0.0|-1.0|1.0|0.0|-1.0
325,38,0.64|0.64|0.24|0.7|17.0|12.0|14.0|11.0|2|5|5|5,0.45|0.42|0.39|0.72|17|12|15|11|2|5|5|5,0.55|0.53|0.32|0.71|17.0|12.0|15.0|11.0|2|5|5|5,2.0,0.0|0.0|0.0|0.0|0.0|0.0|-1.0|0.0|0.0|0.0|0.0|0.0
326,38,0.64|0.64|0.24|0.7|17.0|12.0|14.0|11.0|2|5|5|5,0.45|0.42|0.39|0.72|17|12|15|11|2|5|5|5,0.35|0.54|0.46|0.39|17.0|12.0|15.0|11.0|2|5|5|5,3.0,0.20000000000000007|-0.010000000000000009|-0.14|0.31999999999999995|0.0|0.0|0.0|0.0|0.0|0.0|0.0|0.0
327,38,0.64|0.64|0.24|0.7|17.0|12.0|14.0|11.0|2|5|5|5,0.45|0.42|0.39|0.72|17|12|15|11|2|5|5|5,0.55|0.53|0.32|0.71|18.0|12.0|14.0|11.0|2|5|5|5,4.0,0.0|0.0|0.0|0.0|-1.0|0.0|0.0|0.0|0.0|0.0|0.0|0.0
328,38,0.64|0.64|0.24|0.7|17.0|12.0|14.0|11.0|2|5|5|5,0.45|0.42|0.39|0.72|17|12|15|11|2|5|5|5,0.55|0.53|0.32|0.71|17.0|13.0|15.0|11.0|2|5|5|5,5.0,0.0|0.0|0.0|0.0|0.0|-1.0|0.0|0.0|0.0|0.0|0.0|0.0
329,38,0.64|0.64|0.24|0.7|17.0|12.0|14.0|11.0|2|5|5|5,0.45|0.42|0.39|0.72|17|12|15|11|2|5|5|5,0.55|0.53|0.32|0.71|17.0|11.0|15.0|11.0|2|5|5|5,6.0,0.0|0.0|0.0|0.0|0.0|1.0|0.0|0.0|0.0|0.0|0.0|0.0
330,38,0.64|0.64|0.24|0.7|17.0|12.0|14.0|11.0|2|5|5|5,0.45|0.42|0.39|0.72|17|12|15|11|2|5|5|5,0.55|0.53|0.32|0.71|17.0|15.0|13.0|10.0|2|5|5|5,7.0,0.0|0.0|0.0|0.0|0.0|-3.0|1.0|1.0|0.0|0.0|0.0|0.0
331,38,0.64|0.64|0.24|0.7|17.0|12.0|14.0|11.0|2|5|5|5,0.45|0.42|0.39|0.72|17|12|15|11|2|5|5|5,0.55|0.53|0.32|0.71|17.0|12.0|15.0|11.0|2|5|6|5,8.0,0.0|0.0|0.0|0.0|0.0|0.0|0.0|0.0|0.0|0.0|-1.0|0.0
332,38,0.64|0.64|0.24|0.7|17.0|12.0|14.0|11.0|2|5|5|5,0.45|0.42|0.39|0.72|17|12|15|11|2|5|5|5,0.55|0.53|0.32|0.71|17.0|12.0|15.0|11.0|2|5|6|4,9.0,0.0|0.0|0.0|0.0|0.0|0.0|0.0|0.0|0.0|0.0|-1.0|1.0
333,39,0.48|0.42|0.4|0.7|17|12|14|11|2|5|5|5,0.26|0.28|0.41|0.78|17.0|12.0|14.0|11.0|2|5|5|5,0.37|0.35|0.4|0.74|17.0|12.0|14.0|11.0|2|5|5|5,1.0,0.0|0.0|0.0|0.0|0.0|0.0|0.0|0.0|0.0|0.0|0.0|0.0
334,39,0.48|0.42|0.4|0.7|17|12|14|11|2|5|5|5,0.26|0.28|0.41|0.78|17.0|12.0|14.0|11.0|2|5|5|5,0.37|0.35|0.4|0.74|17.0|13.0|14.0|11.0|2|4|5|5,2.0,0.0|0.0|0.0|0.0|0.0|-1.0|0.0|0.0|0.0|1.0|0.0|0.0
335,39,0.48|0.42|0.4|0.7|17|12|14|11|2|5|5|5,0.26|0.28|0.41|0.78|17.0|12.0|14.0|11.0|2|5|5|5,0.37|0.35|0.4|0.74|17.0|12.0|13.0|11.0|2|5|5|5,3.0,0.0|0.0|0.0|0.0|0.0|0.0|1.0|0.0|0.0|0.0|0.0|0.0
336,39,0.48|0.42|0.4|0.7|17|12|14|11|2|5|5|5,0.26|0.28|0.41|0.78|17.0|12.0|14.0|11.0|2|5|5|5,0.37|0.35|0.4|0.74|17.0|11.0|14.0|11.0|2|5|5|5,4.0,0.0|0.0|0.0|0.0|0.0|1.0|0.0|0.0|0.0|0.0|0.0|0.0
337,39,0.48|0.42|0.4|0.7|17|12|14|11|2|5|5|5,0.26|0.28|0.41|0.78|17.0|12.0|14.0|11.0|2|5|5|5,0.37|0.35|0.4|0.74|17.0|12.0|14.0|11.0|2|5|4|5,5.0,0.0|0.0|0.0|0.0|0.0|0.0|0.0|0.0|0.0|0.0|1.0|0.0
338,39,0.48|0.42|0.4|0.7|17|12|14|11|2|5|5|5,0.26|0.28|0.41|0.78|17.0|12.0|14.0|11.0|2|5|5|5,0.37|0.35|0.4|0.74|17.0|12.0|15.0|11.0|2|5|6|5,6.0,0.0|0.0|0.0|0.0|0.0|0.0|-1.0|0.0|0.0|0.0|-1.0|0.0
339,39,0.48|0.42|0.4|0.7|17|12|14|11|2|5|5|5,0.26|0.28|0.41|0.78|17.0|12.0|14.0|11.0|2|5|5|5,0.07|0.43|0.13|0.97|17.0|12.0|14.0|11.0|2|5|5|5,7.0,0.3|-0.08000000000000002|0.27|-0.22999999999999998|0.0|0.0|0.0|0.0|0.0|0.0|0.0|0.0
340,39,0.48|0.42|0.4|0.7|17|12|14|11|2|5|5|5,0.26|0.28|0.41|0.78|17.0|12.0|14.0|11.0|2|5|5|5,0.37|0.35|0.4|0.74|17.0|14.0|14.0|13.0|2|5|5|5,8.0,0.0|0.0|0.0|0.0|0.0|-2.0|0.0|-2.0|0.0|0.0|0.0|0.0
341,39,0.48|0.42|0.4|0.7|17|12|14|11|2|5|5|5,0.26|0.28|0.41|0.78|17.0|12.0|14.0|11.0|2|5|5|5,0.37|0.35|0.4|0.74|17.0|12.0|13.0|11.0|2|5|5|5,9.0,0.0|0.0|0.0|0.0|0.0|0.0|1.0|0.0|0.0|0.0|0.0|0.0
342,40,0.37|0.35|0.4|0.74|17.0|12.0|14.0|11.0|2|5|5|5,0.07|0.43|0.13|0.97|17.0|12.0|14.0|11.0|2|5|5|5,0.22|0.39|0.26|0.86|18.0|12.0|14.0|11.0|2|5|5|5,1.0,0.0|0.0|0.0|0.0|-1.0|0.0|0.0|0.0|0.0|0.0|0.0|0.0
343,40,0.37|0.35|0.4|0.74|17.0|12.0|14.0|11.0|2|5|5|5,0.07|0.43|0.13|0.97|17.0|12.0|14.0|11.0|2|5|5|5,0.22|0.39|0.26|0.86|17.0|12.0|14.0|11.0|2|5|5|5,2.0,0.0|0.0|0.0|0.0|0.0|0.0|0.0|0.0|0.0|0.0|0.0|0.0
344,40,0.37|0.35|0.4|0.74|17.0|12.0|14.0|11.0|2|5|5|5,0.07|0.43|0.13|0.97|17.0|12.0|14.0|11.0|2|5|5|5,0.74|0.54|0.88|0.95|17.0|12.0|14.0|11.0|2|5|5|5,3.0,-0.52|-0.15000000000000002|-0.62|-0.08999999999999997|0.0|0.0|0.0|0.0|0.0|0.0|0.0|0.0
345,40,0.37|0.35|0.4|0.74|17.0|12.0|14.0|11.0|2|5|5|5,0.07|0.43|0.13|0.97|17.0|12.0|14.0|11.0|2|5|5|5,0.15|0.29|0.39|0.11|17.0|12.0|14.0|11.0|2|5|5|5,4.0,0.07|0.10000000000000003|-0.13|0.75|0.0|0.0|0.0|0.0|0.0|0.0|0.0|0.0
346,40,0.37|0.35|0.4|0.74|17.0|12.0|14.0|11.0|2|5|5|5,0.07|0.43|0.13|0.97|17.0|12.0|14.0|11.0|2|5|5|5,0.22|0.39|0.26|0.86|18.0|12.0|14.0|11.0|2|6|5|5,5.0,0.0|0.0|0.0|0.0|-1.0|0.0|0.0|0.0|0.0|-1.0|0.0|0.0
347,40,0.37|0.35|0.4|0.74|17.0|12.0|14.0|11.0|2|5|5|5,0.07|0.43|0.13|0.97|17.0|12.0|14.0|11.0|2|5|5|5,0.22|0.39|0.26|0.86|17.0|12.0|14.0|11.0|3|5|5|5,6.0,0.0|0.0|0.0|0.0|0.0|0.0|0.0|0.0|-1.0|0.0|0.0|0.0
348,40,0.37|0.35|0.4|0.74|17.0|12.0|14.0|11.0|2|5|5|5,0.07|0.43|0.13|0.97|17.0|12.0|14.0|11.0|2|5|5|5,0.72|0.79|0.21|0.34|17.0|12.0|14.0|11.0|2|5|5|5,7.0,-0.5|-0.4|0.05000000000000002|0.52|0.0|0.0|0.0|0.0|0.0|0.0|0.0|0.0
349,40,0.37|0.35|0.4|0.74|17.0|12.0|14.0|11.0|2|5|5|5,0.07|0.43|0.13|0.97|17.0|12.0|14.0|11.0|2|5|5|5,0.22|0.39|0.26|0.86|18.0|12.0|14.0|11.0|2|6|5|5,8.0,0.0|0.0|0.0|0.0|-1.0|0.0|0.0|0.0|0.0|-1.0|0.0|0.0
350,40,0.37|0.35|0.4|0.74|17.0|12.0|14.0|11.0|2|5|5|5,0.07|0.43|0.13|0.97|17.0|12.0|14.0|11.0|2|5|5|5,0.22|0.39|0.26|0.86|17.0|12.0|14.0|11.0|2|5|6|5,9.0,0.0|0.0|0.0|0.0|0.0|0.0|0.0|0.0|0.0|0.0|-1.0|0.0
351,41,0.48|0.42|0.4|0.7|17.0|12.0|14.0|11.0|2|5|5|5,0.07|0.43|0.13|0.97|17.0|12.0|14.0|11.0|2|5|5|5,0.28|0.42|0.26|0.84|18.0|15.0|16.0|13.0|2|5|5|5,1.0,0.0|0.0|0.0|0.0|-1.0|-3.0|-2.0|-2.0|0.0|0.0|0.0|0.0
352,41,0.48|0.42|0.4|0.7|17.0|12.0|14.0|11.0|2|5|5|5,0.07|0.43|0.13|0.97|17.0|12.0|14.0|11.0|2|5|5|5,0.28|0.42|0.26|0.84|17.0|12.0|14.0|11.0|2|5|5|5,2.0,0.0|0.0|0.0|0.0|0.0|0.0|0.0|0.0|0.0|0.0|0.0|0.0
353,41,0.48|0.42|0.4|0.7|17.0|12.0|14.0|11.0|2|5|5|5,0.07|0.43|0.13|0.97|17.0|12.0|14.0|11.0|2|5|5|5,0.28|0.42|0.26|0.84|17.0|11.0|14.0|11.0|2|5|5|5,3.0,0.0|0.0|0.0|0.0|0.0|1.0|0.0|0.0|0.0|0.0|0.0|0.0
354,41,0.48|0.42|0.4|0.7|17.0|12.0|14.0|11.0|2|5|5|5,0.07|0.43|0.13|0.97|17.0|12.0|14.0|11.0|2|5|5|5,0.28|0.42|0.26|0.84|17.0|13.0|14.0|11.0|2|5|5|5,4.0,0.0|0.0|0.0|0.0|0.0|-1.0|0.0|0.0|0.0|0.0|0.0|0.0
355,41,0.48|0.42|0.4|0.7|17.0|12.0|14.0|11.0|2|5|5|5,0.07|0.43|0.13|0.97|17.0|12.0|14.0|11.0|2|5|5|5,0.28|0.42|0.26|0.84|17.0|12.0|14.0|11.0|2|5|5|5,5.0,0.0|0.0|0.0|0.0|0.0|0.0|0.0|0.0|0.0|0.0|0.0|0.0
356,41,0.48|0.42|0.4|0.7|17.0|12.0|14.0|11.0|2|5|5|5,0.07|0.43|0.13|0.97|17.0|12.0|14.0|11.0|2|5|5|5,0.28|0.42|0.26|0.84|17.0|12.0|15.0|11.0|2|5|5|5,6.0,0.0|0.0|0.0|0.0|0.0|0.0|-1.0|0.0|0.0|0.0|0.0|0.0
357,41,0.48|0.42|0.4|0.7|17.0|12.0|14.0|11.0|2|5|5|5,0.07|0.43|0.13|0.97|17.0|12.0|14.0|11.0|2|5|5|5,0.28|0.42|0.26|0.84|17.0|12.0|13.0|11.0|2|4|5|5,7.0,0.0|0.0|0.0|0.0|0.0|0.0|1.0|0.0|0.0|1.0|0.0|0.0
358,41,0.48|0.42|0.4|0.7|17.0|12.0|14.0|11.0|2|5|5|5,0.07|0.43|0.13|0.97|17.0|12.0|14.0|11.0|2|5|5|5,0.77|0.64|0.55|0.14|17.0|12.0|14.0|11.0|2|5|5|5,8.0,-0.49|-0.22000000000000003|-0.29000000000000004|0.7|0.0|0.0|0.0|0.0|0.0|0.0|0.0|0.0
359,41,0.48|0.42|0.4|0.7|17.0|12.0|14.0|11.0|2|5|5|5,0.07|0.43|0.13|0.97|17.0|12.0|14.0|11.0|2|5|5|5,0.28|0.42|0.26|0.84|17.0|14.0|17.0|10.0|2|5|5|5,9.0,0.0|0.0|0.0|0.0|0.0|-2.0|-3.0|1.0|0.0|0.0|0.0|0.0
360,42,0.64|0.64|0.24|0.7|17.0|12.0|14.0|11.0|2|5|5|5,0.48|0.42|0.4|0.7|17.0|12.0|14.0|11.0|2|5|5|5,0.56|0.53|0.32|0.7|19.0|14.0|17.0|11.0|2|5|5|5,1.0,0.0|0.0|0.0|0.0|-2.0|-2.0|-3.0|0.0|0.0|0.0|0.0|0.0
361,42,0.64|0.64|0.24|0.7|17.0|12.0|14.0|11.0|2|5|5|5,0.48|0.42|0.4|0.7|17.0|12.0|14.0|11.0|2|5|5|5,0.24|0.58|0.85|0.86|17.0|12.0|14.0|11.0|2|5|5|5,2.0,0.32000000000000006|-0.04999999999999993|-0.53|-0.16000000000000003|0.0|0.0|0.0|0.0|0.0|0.0|0.0|0.0
362,42,0.64|0.64|0.24|0.7|17.0|12.0|14.0|11.0|2|5|5|5,0.48|0.42|0.4|0.7|17.0|12.0|14.0|11.0|2|5|5|5,0.56|0.53|0.32|0.7|17.0|12.0|14.0|11.0|2|5|6|5,3.0,0.0|0.0|0.0|0.0|0.0|0.0|0.0|0.0|0.0|0.0|-1.0|0.0
363,42,0.64|0.64|0.24|0.7|17.0|12.0|14.0|11.0|2|5|5|5,0.48|0.42|0.4|0.7|17.0|12.0|14.0|11.0|2|5|5|5,0.56|0.53|0.32|0.7|17.0|12.0|14.0|11.0|2|5|5|5,4.0,0.0|0.0|0.0|0.0|0.0|0.0|0.0|0.0|0.0|0.0|0.0|0.0
364,42,0.64|0.64|0.24|0.7|17.0|12.0|14.0|11.0|2|5|5|5,0.48|0.42|0.4|0.7|17.0|12.0|14.0|11.0|2|5|5|5,0.61|0.62|0.53|0.63|17.0|12.0|14.0|11.0|2|5|5|5,5.0,-0.04999999999999993|-0.08999999999999997|-0.21000000000000002|0.06999999999999995|0.0|0.0|0.0|0.0|0.0|0.0|0.0|0.0
365,42,0.64|0.64|0.24|0.7|17.0|12.0|14.0|11.0|2|5|5|5,0.48|0.42|0.4|0.7|17.0|12.0|14.0|11.0|2|5|5|5,0.56|0.53|0.32|0.7|17.0|12.0|14.0|11.0|2|5|4|4,6.0,0.0|0.0|0.0|0.0|0.0|0.0|0.0|0.0|0.0|0.0|1.0|1.0
366,42,0.64|0.64|0.24|0.7|17.0|12.0|14.0|11.0|2|5|5|5,0.48|0.42|0.4|0.7|17.0|12.0|14.0|11.0|2|5|5|5,0.56|0.53|0.32|0.7|17.0|12.0|14.0|11.0|2|6|5|5,7.0,0.0|0.0|0.0|0.0|0.0|0.0|0.0|0.0|0.0|-1.0|0.0|0.0
367,42,0.64|0.64|0.24|0.7|17.0|12.0|14.0|11.0|2|5|5|5,0.48|0.42|0.4|0.7|17.0|12.0|14.0|11.0|2|5|5|5,0.56|0.53|0.32|0.7|17.0|12.0|14.0|11.0|2|5|6|5,8.0,0.0|0.0|0.0|0.0|0.0|0.0|0.0|0.0|0.0|0.0|-1.0|0.0
368,42,0.64|0.64|0.24|0.7|17.0|12.0|14.0|11.0|2|5|5|5,0.48|0.42|0.4|0.7|17.0|12.0|14.0|11.0|2|5|5|5,0.23|0.49|0.49|0.05|17.0|12.0|14.0|11.0|2|5|5|5,9.0,0.33000000000000007|0.040000000000000036|-0.16999999999999998|0.6499999999999999|0.0|0.0|0.0|0.0|0.0|0.0|0.0|0.0
369,43,0.64|0.64|0.24|0.7|17.0|12.0|14.0|11.0|2|5|5|5,0.37|0.35|0.4|0.74|17.0|12.0|14.0|11.0|2|5|5|5,0.5|0.5|0.32|0.72|17.0|12.0|14.0|11.0|2|5|5|5,1.0,0.0|0.0|0.0|0.0|0.0|0.0|0.0|0.0|0.0|0.0|0.0|0.0
370,43,0.64|0.64|0.24|0.7|17.0|12.0|14.0|11.0|2|5|5|5,0.37|0.35|0.4|0.74|17.0|12.0|14.0|11.0|2|5|5|5,0.5|0.5|0.32|0.72|17.0|12.0|14.0|11.0|2|5|4|5,2.0,0.0|0.0|0.0|0.0|0.0|0.0|0.0|0.0|0.0|0.0|1.0|0.0
371,43,0.64|0.64|0.24|0.7|17.0|12.0|14.0|11.0|2|5|5|5,0.37|0.35|0.4|0.74|17.0|12.0|14.0|11.0|2|5|5|5,0.5|0.5|0.32|0.72|17.0|12.0|14.0|11.0|2|5|5|5,3.0,0.0|0.0|0.0|0.0|0.0|0.0|0.0|0.0|0.0|0.0|0.0|0.0
372,43,0.64|0.64|0.24|0.7|17.0|12.0|14.0|11.0|2|5|5|5,0.37|0.35|0.4|0.74|17.0|12.0|14.0|11.0|2|5|5|5,0.5|0.5|0.32|0.72|17.0|12.0|14.0|11.0|2|4|5|5,4.0,0.0|0.0|0.0|0.0|0.0|0.0|0.0|0.0|0.0|1.0|0.0|0.0
373,43,0.64|0.64|0.24|0.7|17.0|12.0|14.0|11.0|2|5|5|5,0.37|0.35|0.4|0.74|17.0|12.0|14.0|11.0|2|5|5|5,0.86|0.03|0.28|0.57|17.0|12.0|14.0|11.0|2|5|5|5,5.0,-0.36|0.47|0.03999999999999998|0.15000000000000002|0.0|0.0|0.0|0.0|0.0|0.0|0.0|0.0
374,43,0.64|0.64|0.24|0.7|17.0|12.0|14.0|11.0|2|5|5|5,0.37|0.35|0.4|0.74|17.0|12.0|14.0|11.0|2|5|5|5,0.5|0.5|0.32|0.72|17.0|11.0|14.0|11.0|2|5|5|5,6.0,0.0|0.0|0.0|0.0|0.0|1.0|0.0|0.0|0.0|0.0|0.0|0.0
375,43,0.64|0.64|0.24|0.7|17.0|12.0|14.0|11.0|2|5|5|5,0.37|0.35|0.4|0.74|17.0|12.0|14.0|11.0|2|5|5|5,0.5|0.5|0.32|0.72|17.0|12.0|14.0|11.0|3|5|5|5,7.0,0.0|0.0|0.0|0.0|0.0|0.0|0.0|0.0|-1.0|0.0|0.0|0.0
376,43,0.64|0.64|0.24|0.7|17.0|12.0|14.0|11.0|2|5|5|5,0.37|0.35|0.4|0.74|17.0|12.0|14.0|11.0|2|5|5|5,0.5|0.5|0.32|0.72|17.0|13.0|14.0|11.0|2|5|5|5,8.0,0.0|0.0|0.0|0.0|0.0|-1.0|0.0|0.0|0.0|0.0|0.0|0.0
377,43,0.64|0.64|0.24|0.7|17.0|12.0|14.0|11.0|2|5|5|5,0.37|0.35|0.4|0.74|17.0|12.0|14.0|11.0|2|5|5|5,0.5|0.5|0.32|0.72|17.0|12.0|14.0|11.0|3|6|4|4,9.0,0.0|0.0|0.0|0.0|0.0|0.0|0.0|0.0|-1.0|-1.0|1.0|1.0
378,44,0.48|0.42|0.4|0.7|17.0|12.0|14.0|11.0|2|5|5|5,0.37|0.35|0.4|0.74|17.0|12.0|14.0|11.0|2|5|5|5,0.42|0.38|0.4|0.72|17.0|11.0|14.0|11.0|2|5|5|5,1.0,0.0|0.0|0.0|0.0|0.0|1.0|0.0|0.0|0.0|0.0|0.0|0.0
379,44,0.48|0.42|0.4|0.7|17.0|12.0|14.0|11.0|2|5|5|5,0.37|0.35|0.4|0.74|17.0|12.0|14.0|11.0|2|5|5|5,0.42|0.38|0.4|0.72|20.0|11.0|14.0|11.0|2|5|5|5,2.0,0.0|0.0|0.0|0.0|-3.0|1.0|0.0|0.0|0.0|0.0|0.0|0.0
380,44,0.48|0.42|0.4|0.7|17.0|12.0|14.0|11.0|2|5|5|5,0.37|0.35|0.4|0.74|17.0|12.0|14.0|11.0|2|5|5|5,0.39|0.93|0.51|0.31|17.0|12.0|14.0|11.0|2|5|5|5,3.0,0.02999999999999997|-0.55|-0.10999999999999999|0.41|0.0|0.0|0.0|0.0|0.0|0.0|0.0|0.0
381,44,0.48|0.42|0.4|0.7|17.0|12.0|14.0|11.0|2|5|5|5,0.37|0.35|0.4|0.74|17.0|12.0|14.0|11.0|2|5|5|5,0.42|0.38|0.4|0.72|18.0|11.0|16.0|12.0|2|5|5|5,4.0,0.0|0.0|0.0|0.0|-1.0|1.0|-2.0|-1.0|0.0|0.0|0.0|0.0
382,44,0.48|0.42|0.4|0.7|17.0|12.0|14.0|11.0|2|5|5|5,0.37|0.35|0.4|0.74|17.0|12.0|14.0|11.0|2|5|5|5,0.42|0.38|0.4|0.72|17.0|12.0|14.0|11.0|2|5|5|5,5.0,0.0|0.0|0.0|0.0|0.0|0.0|0.0|0.0|0.0|0.0|0.0|0.0
383,44,0.48|0.42|0.4|0.7|17.0|12.0|14.0|11.0|2|5|5|5,0.37|0.35|0.4|0.74|17.0|12.0|14.0|11.0|2|5|5|5,0.42|0.38|0.4|0.72|17.0|12.0|14.0|11.0|2|5|6|5,6.0,0.0|0.0|0.0|0.0|0.0|0.0|0.0|0.0|0.0|0.0|-1.0|0.0
384,44,0.48|0.42|0.4|0.7|17.0|12.0|14.0|11.0|2|5|5|5,0.37|0.35|0.4|0.74|17.0|12.0|14.0|11.0|2|5|5|5,0.42|0.38|0.4|0.72|18.0|12.0|14.0|12.0|2|5|5|5,7.0,0.0|0.0|0.0|0.0|-1.0|0.0|0.0|-1.0|0.0|0.0|0.0|0.0
385,44,0.48|0.42|0.4|0.7|17.0|12.0|14.0|11.0|2|5|5|5,0.37|0.35|0.4|0.74|17.0|12.0|14.0|11.0|2|5|5|5,0.42|0.38|0.4|0.72|17.0|12.0|14.0|11.0|2|5|6|5,8.0,0.0|0.0|0.0|0.0|0.0|0.0|0.0|0.0|0.0|0.0|-1.0|0.0
386,44,0.48|0.42|0.4|0.7|17.0|12.0|14.0|11.0|2|5|5|5,0.37|0.35|0.4|0.74|17.0|12.0|14.0|11.0|2|5|5|5,0.42|0.38|0.4|0.72|17.0|12.0|14.0|11.0|2|5|5|5,9.0,0.0|0.0|0.0|0.0|0.0|0.0|0.0|0.0|0.0|0.0|0.0|0.0
387,45,0.48|0.42|0.4|0.7|17|12|14|11|2|5|5|5,0.37|0.35|0.4|0.74|17.0|12.0|14.0|11.0|2|5|5|5,0.42|0.38|0.4|0.72|17.0|15.0|17.0|10.0|2|5|5|5,1.0,0.0|0.0|0.0|0.0|0.0|-3.0|-3.0|1.0|0.0|0.0|0.0|0.0
388,45,0.48|0.42|0.4|0.7|17|12|14|11|2|5|5|5,0.37|0.35|0.4|0.74|17.0|12.0|14.0|11.0|2|5|5|5,0.42|0.38|0.4|0.72|17.0|12.0|15.0|11.0|2|5|5|5,2.0,0.0|0.0|0.0|0.0|0.0|0.0|-1.0|0.0|0.0|0.0|0.0|0.0
389,45,0.48|0.42|0.4|0.7|17|12|14|11|2|5|5|5,0.37|0.35|0.4|0.74|17.0|12.0|14.0|11.0|2|5|5|5,0.42|0.38|0.4|0.72|18.0|12.0|14.0|11.0|2|5|5|5,3.0,0.0|0.0|0.0|0.0|-1.0|0.0|0.0|0.0|0.0|0.0|0.0|0.0
390,45,0.48|0.42|0.4|0.7|17|12|14|11|2|5|5|5,0.37|0.35|0.4|0.74|17.0|12.0|14.0|11.0|2|5|5|5,0.36|0.68|0.47|0.68|17.0|12.0|14.0|11.0|2|5|5|5,4.0,0.06|-0.30000000000000004|-0.06999999999999995|0.039999999999999925|0.0|0.0|0.0|0.0|0.0|0.0|0.0|0.0
391,45,0.48|0.42|0.4|0.7|17|12|14|11|2|5|5|5,0.37|0.35|0.4|0.74|17.0|12.0|14.0|11.0|2|5|5|5,0.42|0.38|0.4|0.72|17.0|12.0|15.0|11.0|2|5|6|5,5.0,0.0|0.0|0.0|0.0|0.0|0.0|-1.0|0.0|0.0|0.0|-1.0|0.0
392,45,0.48|0.42|0.4|0.7|17|12|14|11|2|5|5|5,0.37|0.35|0.4|0.74|17.0|12.0|14.0|11.0|2|5|5|5,0.42|0.38|0.4|0.72|17.0|12.0|14.0|11.0|3|5|5|5,6.0,0.0|0.0|0.0|0.0|0.0|0.0|0.0|0.0|-1.0|0.0|0.0|0.0
393,45,0.48|0.42|0.4|0.7|17|12|14|11|2|5|5|5,0.37|0.35|0.4|0.74|17.0|12.0|14.0|11.0|2|5|5|5,0.42|0.38|0.4|0.72|17.0|11.0|14.0|11.0|2|5|5|5,7.0,0.0|0.0|0.0|0.0|0.0|1.0|0.0|0.0|0.0|0.0|0.0|0.0
394,45,0.48|0.42|0.4|0.7|17|12|14|11|2|5|5|5,0.37|0.35|0.4|0.74|17.0|12.0|14.0|11.0|2|5|5|5,0.42|0.38|0.4|0.72|18.0|13.0|14.0|10.0|2|5|5|5,8.0,0.0|0.0|0.0|0.0|-1.0|-1.0|0.0|1.0|0.0|0.0|0.0|0.0
395,45,0.48|0.42|0.4|0.7|17|12|14|11|2|5|5|5,0.37|0.35|0.4|0.74|17.0|12.0|14.0|11.0|2|5|5|5,0.42|0.38|0.4|0.72|17.0|12.0|13.0|11.0|2|5|5|5,9.0,0.0|0.0|0.0|0.0|0.0|0.0|1.0|0.0|0.0|0.0|0.0|0.0
396,46,0.48|0.42|0.4|0.7|17|12|14|11|2|5|5|5,0.07|0.43|0.13|0.97|17.0|12.0|14.0|11.0|2|5|5|5,0.28|0.42|0.26|0.84|17.0|13.0|15.0|13.0|2|5|5|5,1.0,0.0|0.0|0.0|0.0|0.0|-1.0|-1.0|-2.0|0.0|0.0|0.0|0.0
397,46,0.48|0.42|0.4|0.7|17|12|14|11|2|5|5|5,0.07|0.43|0.13|0.97|17.0|12.0|14.0|11.0|2|5|5|5,0.28|0.42|0.26|0.84|18.0|12.0|14.0|11.0|3|5|5|5,2.0,0.0|0.0|0.0|0.0|-1.0|0.0|0.0|0.0|-1.0|0.0|0.0|0.0
398,46,0.48|0.42|0.4|0.7|17|12|14|11|2|5|5|5,0.07|0.43|0.13|0.97|17.0|12.0|14.0|11.0|2|5|5|5,0.28|0.42|0.26|0.84|17.0|12.0|13.0|11.0|2|5|4|5,3.0,0.0|0.0|0.0|0.0|0.0|0.0|1.0|0.0|0.0|0.0|1.0|0.0
399,46,0.48|0.42|0.4|0.7|17|12|14|11|2|5|5|5,0.07|0.43|0.13|0.97|17.0|12.0|14.0|11.0|2|5|5|5,0.28|0.42|0.26|0.84|19.0|11.0|16.0|12.0|2|5|5|5,4.0,0.0|0.0|0.0|0.0|-2.0|1.0|-2.0|-1.0|0.0|0.0|0.0|0.0
400,46,0.48|0.42|0.4|0.7|17|12|14|11|2|5|5|5,0.07|0.43|0.13|0.97|17.0|12.0|14.0|11.0|2|5|5|5,0.28|0.42|0.26|0.84|17.0|12.0|14.0|11.0|2|6|5|5,5.0,0.0|0.0|0.0|0.0|0.0|0.0|0.0|0.0|0.0|-1.0|0.0|0.0
401,46,0.48|0.42|0.4|0.7|17|12|14|11|2|5|5|5,0.07|0.43|0.13|0.97|17.0|12.0|14.0|11.0|2|5|5|5,0.28|0.42|0.26|0.84|17.0|12.0|13.0|11.0|2|4|5|5,6.0,0.0|0.0|0.0|0.0|0.0|0.0|1.0|0.0|0.0|1.0|0.0|0.0
402,46,0.48|0.42|0.4|0.7|17|12|14|11|2|5|5|5,0.07|0.43|0.13|0.97|17.0|12.0|14.0|11.0|2|5|5|5,0.87|0.26|0.85|0.99|17.0|12.0|14.0|11.0|2|5|5|5,7.0,-0.59|0.15999999999999998|-0.59|-0.15000000000000002|0.0|0.0|0.0|0.0|0.0|0.0|0.0|0.0
403,46,0.48|0.42|0.4|0.7|17|12|14|11|2|5|5|5,0.07|0.43|0.13|0.97|17.0|12.0|14.0|11.0|2|5|5|5,0.28|0.42|0.26|0.84|17.0|12.0|14.0|11.0|3|5|5|5,8.0,0.0|0.0|0.0|0.0|0.0|0.0|0.0|0.0|-1.0|0.0|0.0|0.0
404,46,0.48|0.42|0.4|0.7|17|12|14|11|2|5|5|5,0.07|0.43|0.13|0.97|17.0|12.0|14.0|11.0|2|5|5|5,0.28|0.42|0.26|0.84|17.0|12.0|14.0|11.0|3|5|4|4,9.0,0.0|0.0|0.0|0.0|0.0|0.0|0.0|0.0|-1.0|0.0|1.0|1.0
405,47,0.64|0.64|0.24|0.7|17.0|12.0|14.0|11.0|2|5|5|5,0.07|0.43|0.13|0.97|17.0|12.0|14.0|11.0|2|5|5|5,0.36|0.54|0.18|0.84|17.0|12.0|14.0|11.0|2|5|5|5,1.0,0.0|0.0|0.0|0.0|0.0|0.0|0.0|0.0|0.0|0.0|0.0|0.0
406,47,0.64|0.64|0.24|0.7|17.0|12.0|14.0|11.0|2|5|5|5,0.07|0.43|0.13|0.97|17.0|12.0|14.0|11.0|2|5|5|5,0.26|0.96|0.64|0.88|17.0|12.0|14.0|11.0|2|5|5|5,2.0,0.09999999999999998|-0.41999999999999993|-0.46|-0.040000000000000036|0.0|0.0|0.0|0.0|0.0|0.0|0.0|0.0
407,47,0.64|0.64|0.24|0.7|17.0|12.0|14.0|11.0|2|5|5|5,0.07|0.43|0.13|0.97|17.0|12.0|14.0|11.0|2|5|5|5,0.74|0.93|0.91|0.97|17.0|12.0|14.0|11.0|2|5|5|5,3.0,-0.38|-0.39|-0.73|-0.13|0.0|0.0|0.0|0.0|0.0|0.0|0.0|0.0
408,47,0.64|0.64|0.24|0.7|17.0|12.0|14.0|11.0|2|5|5|5,0.07|0.43|0.13|0.97|17.0|12.0|14.0|11.0|2|5|5|5,0.36|0.54|0.18|0.84|18.0|12.0|14.0|11.0|2|5|5|5,4.0,0.0|0.0|0.0|0.0|-1.0|0.0|0.0|0.0|0.0|0.0|0.0|0.0
409,47,0.64|0.64|0.24|0.7|17.0|12.0|14.0|11.0|2|5|5|5,0.07|0.43|0.13|0.97|17.0|12.0|14.0|11.0|2|5|5|5,0.36|0.54|0.18|0.84|17.0|12.0|14.0|11.0|3|5|5|5,5.0,0.0|0.0|0.0|0.0|0.0|0.0|0.0|0.0|-1.0|0.0|0.0|0.0
410,47,0.64|0.64|0.24|0.7|17.0|12.0|14.0|11.0|2|5|5|5,0.07|0.43|0.13|0.97|17.0|12.0|14.0|11.0|2|5|5|5,0.36|0.54|0.18|0.84|17.0|13.0|14.0|11.0|2|5|5|5,6.0,0.0|0.0|0.0|0.0|0.0|-1.0|0.0|0.0|0.0|0.0|0.0|0.0
411,47,0.64|0.64|0.24|0.7|17.0|12.0|14.0|11.0|2|5|5|5,0.07|0.43|0.13|0.97|17.0|12.0|14.0|11.0|2|5|5|5,0.36|0.54|0.18|0.84|17.0|12.0|14.0|11.0|2|4|5|5,7.0,0.0|0.0|0.0|0.0|0.0|0.0|0.0|0.0|0.0|1.0|0.0|0.0
412,47,0.64|0.64|0.24|0.7|17.0|12.0|14.0|11.0|2|5|5|5,0.07|0.43|0.13|0.97|17.0|12.0|14.0|11.0|2|5|5|5,0.36|0.54|0.18|0.84|17.0|12.0|14.0|11.0|2|6|5|5,8.0,0.0|0.0|0.0|0.0|0.0|0.0|0.0|0.0|0.0|-1.0|0.0|0.0
413,47,0.64|0.64|0.24|0.7|17.0|12.0|14.0|11.0|2|5|5|5,0.07|0.43|0.13|0.97|17.0|12.0|14.0|11.0|2|5|5|5,0.36|0.54|0.18|0.84|17.0|12.0|14.0|11.0|2|4|5|5,9.0,0.0|0.0|0.0|0.0|0.0|0.0|0.0|0.0|0.0|1.0|0.0|0.0
414,48,0.48|0.42|0.4|0.7|17|12|14|11|2|5|5|5,0.26|0.28|0.41|0.78|17.0|12.0|14.0|11.0|2|5|5|5,0.37|0.35|0.4|0.74|17.0|11.0|14.0|11.0|2|5|5|5,1.0,0.0|0.0|0.0|0.0|0.0|1.0|0.0|0.0|0.0|0.0|0.0|0.0
415,48,0.48|0.42|0.4|0.7|17|12|14|11|2|5|5|5,0.26|0.28|0.41|0.78|17.0|12.0|14.0|11.0|2|5|5|5,0.37|0.35|0.4|0.74|17.0|12.0|14.0|11.0|2|5|4|5,2.0,0.0|0.0|0.0|0.0|0.0|0.0|0.0|0.0|0.0|0.0|1.0|0.0
416,48,0.48|0.42|0.4|0.7|17|12|14|11|2|5|5|5,0.26|0.28|0.41|0.78|17.0|12.0|14.0|11.0|2|5|5|5,0.37|0.35|0.4|0.74|18.0|13.0|14.0|14.0|2|5|5|5,3.0,0.0|0.0|0.0|0.0|-1.0|-1.0|0.0|-3.0|0.0|0.0|0.0|0.0
417,48,0.48|0.42|0.4|0.7|17|12|14|11|2|5|5|5,0.26|0.28|0.41|0.78|17.0|12.0|14.0|11.0|2|5|5|5,0.37|0.35|0.4|0.74|17.0|12.0|15.0|11.0|2|5|6|5,4.0,0.0|0.0|0.0|0.0|0.0|0.0|-1.0|0.0|0.0|0.0|-1.0|0.0
418,48,0.48|0.42|0.4|0.7|17|12|14|11|2|5|5|5,0.26|0.28|0.41|0.78|17.0|12.0|14.0|11.0|2|5|5|5,0.37|0.35|0.4|0.74|17.0|12.0|14.0|11.0|2|5|6|5,5.0,0.0|0.0|0.0|0.0|0.0|0.0|0.0|0.0|0.0|0.0|-1.0|0.0
419,48,0.48|0.42|0.4|0.7|17|12|14|11|2|5|5|5,0.26|0.28|0.41|0.78|17.0|12.0|14.0|11.0|2|5|5|5,0.37|0.35|0.4|0.74|17.0|12.0|14.0|11.0|2|6|6|5,6.0,0.0|0.0|0.0|0.0|0.0|0.0|0.0|0.0|0.0|-1.0|-1.0|0.0
420,48,0.48|0.42|0.4|0.7|17|12|14|11|2|5|5|5,0.26|0.28|0.41|0.78|17.0|12.0|14.0|11.0|2|5|5|5,0.37|0.35|0.4|0.74|19.0|13.0|15.0|10.0|2|5|5|5,7.0,0.0|0.0|0.0|0.0|-2.0|-1.0|-1.0|1.0|0.0|0.0|0.0|0.0
421,48,0.48|0.42|0.4|0.7|17|12|14|11|2|5|5|5,0.26|0.28|0.41|0.78|17.0|12.0|14.0|11.0|2|5|5|5,0.75|0.32|0.35|0.47|17.0|12.0|14.0|11.0|2|5|5|5,8.0,-0.38|0.02999999999999997|0.050000000000000044|0.27|0.0|0.0|0.0|0.0|0.0|0.0|0.0|0.0
422,48,0.48|0.42|0.4|0.7|17|12|14|11|2|5|5|5,0.26|0.28|0.41|0.78|17.0|12.0|14.0|11.0|2|5|5|5,0.37|0.35|0.4|0.74|17.0|12.0|14.0|11.0|2|4|6|4,9.0,0.0|0.0|0.0|0.0|0.0|0.0|0.0|0.0|0.0|1.0|-1.0|1.0
423,49,0.48|0.42|0.4|0.7|17|12|14|11|2|5|5|5,0.64|0.64|0.24|0.7|17.0|12.0|14.0|11.0|2|5|5|5,0.97|0.5|0.24|0.79|17.0|12.0|14.0|11.0|2|5|5|5,1.0,-0.4099999999999999|0.030000000000000027|0.08000000000000002|-0.09000000000000008|0.0|0.0|0.0|0.0|0.0|0.0|0.0|0.0
424,49,0.48|0.42|0.4|0.7|17|12|14|11|2|5|5|5,0.64|0.64|0.24|0.7|17.0|12.0|14.0|11.0|2|5|5|5,0.56|0.53|0.32|0.7|17.0|11.0|14.0|11.0|2|5|5|5,2.0,0.0|0.0|0.0|0.0|0.0|1.0|0.0|0.0|0.0|0.0|0.0|0.0
425,49,0.48|0.42|0.4|0.7|17|12|14|11|2|5|5|5,0.64|0.64|0.24|0.7|17.0|12.0|14.0|11.0|2|5|5|5,0.56|0.53|0.32|0.7|17.0|13.0|14.0|11.0|2|5|4|5,3.0,0.0|0.0|0.0|0.0|0.0|-1.0|0.0|0.0|0.0|0.0|1.0|0.0
426,49,0.48|0.42|0.4|0.7|17|12|14|11|2|5|5|5,0.64|0.64|0.24|0.7|17.0|12.0|14.0|11.0|2|5|5|5,0.56|0.53|0.32|0.7|17.0|11.0|14.0|11.0|2|5|5|5,4.0,0.0|0.0|0.0|0.0|0.0|1.0|0.0|0.0|0.0|0.0|0.0|0.0
427,49,0.48|0.42|0.4|0.7|17|12|14|11|2|5|5|5,0.64|0.64|0.24|0.7|17.0|12.0|14.0|11.0|2|5|5|5,0.8|0.7|0.59|0.46|17.0|12.0|14.0|11.0|2|5|5|5,5.0,-0.24|-0.16999999999999993|-0.26999999999999996|0.23999999999999994|0.0|0.0|0.0|0.0|0.0|0.0|0.0|0.0
428,49,0.48|0.42|0.4|0.7|17|12|14|11|2|5|5|5,0.64|0.64|0.24|0.7|17.0|12.0|14.0|11.0|2|5|5|5,1.0|0.51|0.96|0.75|17.0|12.0|14.0|11.0|2|5|5|5,6.0,-0.43999999999999995|0.020000000000000018|-0.6399999999999999|-0.050000000000000044|0.0|0.0|0.0|0.0|0.0|0.0|0.0|0.0
429,49,0.48|0.42|0.4|0.7|17|12|14|11|2|5|5|5,0.64|0.64|0.24|0.7|17.0|12.0|14.0|11.0|2|5|5|5,0.56|0.53|0.32|0.7|18.0|12.0|14.0|11.0|2|6|5|5,7.0,0.0|0.0|0.0|0.0|-1.0|0.0|0.0|0.0|0.0|-1.0|0.0|0.0
430,49,0.48|0.42|0.4|0.7|17|12|14|11|2|5|5|5,0.64|0.64|0.24|0.7|17.0|12.0|14.0|11.0|2|5|5|5,0.56|0.53|0.32|0.7|17.0|14.0|14.0|14.0|2|5|5|5,8.0,0.0|0.0|0.0|0.0|0.0|-2.0|0.0|-3.0|0.0|0.0|0.0|0.0
431,49,0.48|0.42|0.4|0.7|17|12|14|11|2|5|5|5,0.64|0.64|0.24|0.7|17.0|12.0|14.0|11.0|2|5|5|5,0.56|0.53|0.32|0.7|17.0|12.0|14.0|11.0|3|4|4|4,9.0,0.0|0.0|0.0|0.0|0.0|0.0|0.0|0.0|-1.0|1.0|1.0|1.0
432,50,0.26|0.28|0.41|0.78|17.0|12.0|14.0|11.0|2|5|5|5,0.37|0.35|0.4|0.74|17.0|12.0|14.0|11.0|2|5|5|5,0.47|0.07|0.79|0.96|17.0|12.0|14.0|11.0|2|5|5|5,1.0,-0.14999999999999997|0.25|-0.39|-0.19999999999999996|0.0|0.0|0.0|0.0|0.0|0.0|0.0|0.0
433,50,0.26|0.28|0.41|0.78|17.0|12.0|14.0|11.0|2|5|5|5,0.37|0.35|0.4|0.74|17.0|12.0|14.0|11.0|2|5|5|5,0.32|0.32|0.4|0.76|17.0|12.0|14.0|11.0|2|4|5|5,2.0,0.0|0.0|0.0|0.0|0.0|0.0|0.0|0.0|0.0|1.0|0.0|0.0
434,50,0.26|0.28|0.41|0.78|17.0|12.0|14.0|11.0|2|5|5|5,0.37|0.35|0.4|0.74|17.0|12.0|14.0|11.0|2|5|5|5,0.32|0.32|0.4|0.76|17.0|12.0|14.0|11.0|2|5|4|5,3.0,0.0|0.0|0.0|0.0|0.0|0.0|0.0|0.0|0.0|0.0|1.0|0.0
435,50,0.26|0.28|0.41|0.78|17.0|12.0|14.0|11.0|2|5|5|5,0.37|0.35|0.4|0.74|17.0|12.0|14.0|11.0|2|5|5|5,0.41|0.62|0.69|0.29|17.0|12.0|14.0|11.0|2|5|5|5,4.0,-0.08999999999999997|-0.3|-0.2899999999999999|0.47000000000000003|0.0|0.0|0.0|0.0|0.0|0.0|0.0|0.0
436,50,0.26|0.28|0.41|0.78|17.0|12.0|14.0|11.0|2|5|5|5,0.37|0.35|0.4|0.74|17.0|12.0|14.0|11.0|2|5|5|5,0.5|0.81|0.56|0.37|17.0|12.0|14.0|11.0|2|5|5|5,5.0,-0.18|-0.49000000000000005|-0.16000000000000003|0.39|0.0|0.0|0.0|0.0|0.0|0.0|0.0|0.0
437,50,0.26|0.28|0.41|0.78|17.0|12.0|14.0|11.0|2|5|5|5,0.37|0.35|0.4|0.74|17.0|12.0|14.0|11.0|2|5|5|5,0.86|0.01|0.97|0.43|17.0|12.0|14.0|11.0|2|5|5|5,6.0,-0.54|0.31|-0.57|0.33|0.0|0.0|0.0|0.0|0.0|0.0|0.0|0.0
438,50,0.26|0.28|0.41|0.78|17.0|12.0|14.0|11.0|2|5|5|5,0.37|0.35|0.4|0.74|17.0|12.0|14.0|11.0|2|5|5|5,0.32|0.32|0.4|0.76|17.0|12.0|14.0|11.0|2|5|5|5,7.0,0.0|0.0|0.0|0.0|0.0|0.0|0.0|0.0|0.0|0.0|0.0|0.0
439,50,0.26|0.28|0.41|0.78|17.0|12.0|14.0|11.0|2|5|5|5,0.37|0.35|0.4|0.74|17.0|12.0|14.0|11.0|2|5|5|5,0.32|0.32|0.4|0.76|17.0|12.0|14.0|11.0|2|5|6|5,8.0,0.0|0.0|0.0|0.0|0.0|0.0|0.0|0.0|0.0|0.0|-1.0|0.0
440,50,0.26|0.28|0.41|0.78|17.0|12.0|14.0|11.0|2|5|5|5,0.37|0.35|0.4|0.74|17.0|12.0|14.0|11.0|2|5|5|5,0.48|0.93|0.55|0.94|17.0|12.0|14.0|11.0|2|5|5|5,9.0,-0.15999999999999998|-0.6100000000000001|-0.15000000000000002|-0.17999999999999994|0.0|0.0|0.0|0.0|0.0|0.0|0.0|0.0
