population_size,elite_size,children_size,iteration_time,total_time,number_of_generations,objective_value,chromosome,mutation_probs,mutation_names,generations_progress,objective_value_progress,iterations_per_set,mutation_occurences
50,15,25,2310,221,110,60.93,0.72|0.66|0.66|0.66|0.43|0.36|0.44|0.47|3.0|3.0|2.0|3.0|4.0|3.0|1.0|4.0|10|10|5|10|10|10|2|10,0.05|0.05|0.2|0.15|0.15|0.1|0.1|0.2,001|002|003|004|005|006|008|009,1|2|3|4|5|6|7|8|9|10|11|12|13|14|15|16|17|18|19|20|21|22|23|24|25|26|27|28|29|30|31|32|33|34|35|36|37|38|39|40|41|42|43|44|45|46|47|48|49|50|51|52|53|54|55|56|57|58|59|60|61|62|63|64|65|66|67|68|69|70|71|72|73|74|75|76|77|78|79|80|81|82|83|84|85|86|87|88|89|90|91|92|93|94|95|96|97|98|99|100|101|102|103|104|105|106|107|108|109|110,3735.16|3735.16|3594.63|3594.63|604.5|604.5|604.5|604.5|604.5|604.5|604.5|594.09|594.09|594.09|593.63|592.18|590.37|587.87|582.67|582.67|582.67|582.66|580.35|579.23|507.6|507.6|85.94|81.31|79.75|78.12|75.98|74.59|74.1|72.98|71.99|70.64|70.64|70.64|70.64|69.81|68.53|67.93|67.53|66.87|66.84|66.81|66.81|66.04|66.04|65.18|65.08|64.93|64.93|64.93|64.93|63.24|63.24|63.24|63.24|63.24|63.24|63.21|62.55|62.55|62.39|62.39|62.39|62.39|62.39|62.19|62.19|62.18|61.85|61.46|61.46|61.46|61.33|61.33|61.32|61.32|61.3|61.21|61.21|61.2|61.14|61.04|61.04|61.04|61.04|61.03|61.0|61.0|60.97|60.97|60.93|60.93|60.93|60.93|60.93|60.93|60.93|60.93|60.93|60.93|60.93|60.93|60.93|60.93|60.93|60.93,10.0,350|349|336|339|354|342|357|323
50,15,25,2313,598,300,63.02,0.37|0.77|0.64|0.8|0.63|0.54|0.28|0.26|2.0|3.0|3.0|3.0|4.0|3.0|1.0|3.0|2|10|10|10|10|10|3|3,0.05|0.05|0.2|0.15|0.15|0.1|0.1|0.2,001|002|003|004|005|006|008|009,1|2|3|4|5|6|7|8|9|10|11|12|13|14|15|16|17|18|19|20|21|22|23|24|25|26|27|28|29|30|31|32|33|34|35|36|37|38|39|40|41|42|43|44|45|46|47|48|49|50|51|52|53|54|55|56|57|58|59|60|61|62|63|64|65|66|67|68|69|70|71|72|73|74|75|76|77|78|79|80|81|82|83|84|85|86|87|88|89|90|91|92|93|94|95|96|97|98|99|100|101|102|103|104|105|106|107|108|109|110|111|112|113|114|115|116|117|118|119|120|121|122|123|124|125|126|127|128|129|130|131|132|133|134|135|136|137|138|139|140|141|142|143|144|145|146|147|148|149|150|151|152|153|154|155|156|157|158|159|160|161|162|163|164|165|166|167|168|169|170|171|172|173|174|175|176|177|178|179|180|181|182|183|184|185|186|187|188|189|190|191|192|193|194|195|196|197|198|199|200|201|202|203|204|205|206|207|208|209|210|211|212|213|214|215|216|217|218|219|220|221|222|223|224|225|226|227|228|229|230|231|232|233|234|235|236|237|238|239|240|241|242|243|244|245|246|247|248|249|250|251|252|253|254|255|256|257|258|259|260|261|262|263|264|265|266|267|268|269|270|271|272|273|274|275|276|277|278|279|280|281|282|283|284|285|286|287|288|289|290|291|292|293|294|295|296|297|298|299|300,3640.0|3640.0|3640.0|3640.0|2542.04|2542.04|2542.04|1386.77|1386.77|1386.77|731.24|731.24|731.24|731.24|731.24|731.24|731.24|731.24|731.24|731.24|498.26|492.12|492.12|492.12|491.57|95.03|95.03|95.03|95.03|93.12|78.98|78.98|75.45|75.45|74.08|74.08|73.23|73.23|73.19|72.04|71.61|69.88|68.73|68.73|68.73|68.31|67.5|67.5|66.94|66.94|66.5|66.5|66.5|65.75|65.75|65.51|65.51|65.51|65.43|65.4|65.14|65.14|65.14|65.14|65.14|64.99|64.99|64.99|64.7|64.7|64.5|64.5|64.5|64.5|64.5|64.48|64.17|64.17|64.17|64.06|63.91|63.91|63.83|63.83|63.83|63.55|63.55|63.51|63.38|63.34|63.34|63.34|63.34|63.34|63.34|63.34|63.34|63.34|63.34|63.34|63.34|63.34|63.23|63.23|63.23|63.23|63.16|63.16|63.07|63.07|63.07|63.07|63.07|63.07|63.07|63.07|63.07|63.07|63.07|63.07|63.07|63.07|63.07|63.07|63.07|63.02|63.02|63.02|63.02|63.02|63.02|63.02|63.02|63.02|63.02|63.02|63.02|63.02|63.02|63.02|63.02|63.02|63.02|63.02|63.02|63.02|63.02|63.02|63.02|63.02|63.02|63.02|63.02|63.02|63.02|63.02|63.02|63.02|63.02|63.02|63.02|63.02|63.02|63.02|63.02|63.02|63.02|63.02|63.02|63.02|63.02|63.02|63.02|63.02|63.02|63.02|63.02|63.02|63.02|63.02|63.02|63.02|63.02|63.02|63.02|63.02|63.02|63.02|63.02|63.02|63.02|63.02|63.02|63.02|63.02|63.02|63.02|63.02|63.02|63.02|63.02|63.02|63.02|63.02|63.02|63.02|63.02|63.02|63.02|63.02|63.02|63.02|63.02|63.02|63.02|63.02|63.02|63.02|63.02|63.02|63.02|63.02|63.02|63.02|63.02|63.02|63.02|63.02|63.02|63.02|63.02|63.02|63.02|63.02|63.02|63.02|63.02|63.02|63.02|63.02|63.02|63.02|63.02|63.02|63.02|63.02|63.02|63.02|63.02|63.02|63.02|63.02|63.02|63.02|63.02|63.02|63.02|63.02|63.02|63.02|63.02|63.02|63.02|63.02|63.02|63.02|63.02|63.02|63.02|63.02|63.02|63.02|63.02|63.02|63.02|63.02|63.02|63.02|63.02|63.02|63.02|63.02|63.02|63.02|63.02|63.02|63.02|63.02|63.02|63.02|63.02|63.02|63.02|63.02|63.02|63.02|63.02|63.02|63.02|63.02,100.0,932|947|954|939|950|917|957|904
10,3,2,750,524981,700,268.34,0.24|0.76|0.29|0.5|0.44|0.84|0.16|0.58|3.0|4.0|16.0|3.0|4.0|3.0|1.0|4.0|10|10|2|10|10|10|2|10,0.05|0.05|0.2|0.15|0.15|0.1|0.1|0.2,001|002|003|004|005|006|008|009,1|2|3|4|5|6|7|8|9|10|11|12|13|14|15|16|17|18|19|20|21|22|23|24|25|26|27|28|29|30|31|32|33|34|35|36|37|38|39|40|41|42|43|44|45|46|47|48|49|50|51|52|53|54|55|56|57|58|59|60|61|62|63|64|65|66|67|68|69|70|71|72|73|74|75|76|77|78|79|80|81|82|83|84|85|86|87|88|89|90|91|92|93|94|95|96|97|98|99|100|101|102|103|104|105|106|107|108|109|110|111|112|113|114|115|116|117|118|119|120|121|122|123|124|125|126|127|128|129|130|131|132|133|134|135|136|137|138|139|140|141|142|143|144|145|146|147|148|149|150|151|152|153|154|155|156|157|158|159|160|161|162|163|164|165|166|167|168|169|170|171|172|173|174|175|176|177|178|179|180|181|182|183|184|185|186|187|188|189|190|191|192|193|194|195|196|197|198|199|200|201|202|203|204|205|206|207|208|209|210|211|212|213|214|215|216|217|218|219|220|221|222|223|224|225|226|227|228|229|230|231|232|233|234|235|236|237|238|239|240|241|242|243|244|245|246|247|248|249|250|251|252|253|254|255|256|257|258|259|260|261|262|263|264|265|266|267|268|269|270|271|272|273|274|275|276|277|278|279|280|281|282|283|284|285|286|287|288|289|290|291|292|293|294|295|296|297|298|299|300|301|302|303|304|305|306|307|308|309|310|311|312|313|314|315|316|317|318|319|320|321|322|323|324|325|326|327|328|329|330|331|332|333|334|335|336|337|338|339|340|341|342|343|344|345|346|347|348|349|350|351|352|353|354|355|356|357|358|359|360|361|362|363|364|365|366|367|368|369|370|371|372|373|374|375|376|377|378|379|380|381|382|383|384|385|386|387|388|389|390|391|392|393|394|395|396|397|398|399|400|401|402|403|404|405|406|407|408|409|410|411|412|413|414|415|416|417|418|419|420|421|422|423|424|425|426|427|428|429|430|431|432|433|434|435|436|437|438|439|440|441|442|443|444|445|446|447|448|449|450|451|452|453|454|455|456|457|458|459|460|461|462|463|464|465|466|467|468|469|470|471|472|473|474|475|476|477|478|479|480|481|482|483|484|485|486|487|488|489|490|491|492|493|494|495|496|497|498|499|500|501|502|503|504|505|506|507|508|509|510|511|512|513|514|515|516|517|518|519|520|521|522|523|524|525|526|527|528|529|530|531|532|533|534|535|536|537|538|539|540|541|542|543|544|545|546|547|548|549|550|551|552|553|554|555|556|557|558|559|560|561|562|563|564|565|566|567|568|569|570|571|572|573|574|575|576|577|578|579|580|581|582|583|584|585|586|587|588|589|590|591|592|593|594|595|596|597|598|599|600|601|602|603|604|605|606|607|608|609|610|611|612|613|614|615|616|617|618|619|620|621|622|623|624|625|626|627|628|629|630|631|632|633|634|635|636|637|638|639|640|641|642|643|644|645|646|647|648|649|650|651|652|653|654|655|656|657|658|659|660|661|662|663|664|665|666|667|668|669|670|671|672|673|674|675|676|677|678|679|680|681|682|683|684|685|686|687|688|689|690|691|692|693|694|695|696|697|698|699|700,4892.2|4892.2|4227.87|4227.87|4034.95|3290.44|1707.07|1707.07|1707.07|1635.55|1635.55|1635.55|1635.55|1635.55|1562.57|1562.57|1562.57|1562.57|1562.57|1562.57|1562.57|1562.57|1562.57|1562.57|1562.57|1562.57|1562.57|1562.57|1562.57|1562.57|1562.57|1562.57|1562.03|1562.03|1562.03|1561.34|1519.29|1493.11|1493.11|1493.11|1493.11|1493.11|1493.11|1493.11|1493.11|1447.79|1447.79|1433.41|1433.41|1433.4|1433.4|1433.4|1433.4|1433.4|1433.4|1433.4|1433.4|1433.4|1433.4|1433.4|1433.39|1433.39|1433.29|1433.29|1432.58|1432.58|1432.58|1432.58|1432.58|1430.43|1429.49|1429.49|1429.29|1429.29|1427.37|1379.97|1379.97|1379.97|1379.97|1379.97|1379.97|1379.97|1379.97|1379.69|1379.69|1379.69|1379.69|1379.69|1379.69|1379.69|1379.69|1344.44|1344.44|1344.44|1344.44|1344.44|1343.95|1322.6|1322.6|1322.6|1292.82|1292.82|1292.82|1292.82|1292.82|1292.82|1292.82|1268.59|1268.59|1268.59|1268.59|1267.74|1267.46|1267.46|1234.75|1234.75|1234.75|1234.75|1234.75|1234.56|1222.08|1222.08|1222.08|1221.89|1221.89|1200.01|1200.01|1199.53|1199.53|1199.53|1187.05|1180.55|1180.55|1180.55|1180.55|1163.17|1163.17|1163.17|1163.17|1163.17|1163.17|1163.17|1163.17|1163.17|1163.17|1163.17|1163.17|1163.17|1163.17|1163.17|1163.17|1163.17|1162.2|1162.2|1162.2|1162.2|1162.2|1162.2|1162.2|1162.2|1162.2|1162.2|1162.2|1162.2|1162.2|1162.2|1162.19|1162.19|1089.25|962.75|962.75|754.19|754.19|754.19|754.19|754.19|754.19|754.19|750.97|750.97|750.97|750.97|750.97|750.09|750.09|745.92|745.92|745.92|745.92|745.92|745.92|745.92|745.78|745.78|745.78|745.78|745.78|745.78|674.17|674.17|674.17|674.17|671.67|671.67|671.67|671.67|671.67|671.67|671.67|671.67|671.67|671.67|671.67|671.67|669.09|669.09|669.09|669.09|669.09|669.09|669.09|669.09|669.09|669.09|668.15|668.15|668.15|668.15|668.15|668.05|668.05|668.05|668.05|668.05|668.05|667.2|666.28|665.99|665.87|623.85|623.85|623.85|622.82|622.82|622.82|622.82|622.82|622.82|622.47|622.47|622.47|621.69|621.69|621.69|620.87|620.87|620.87|620.87|620.87|620.87|619.94|619.94|619.94|619.94|619.94|619.94|619.94|619.71|619.71|328.99|328.99|328.99|328.99|328.99|328.99|328.57|328.57|328.57|328.57|328.57|328.57|328.31|328.31|328.31|328.31|328.31|328.31|328.31|328.31|328.07|327.97|327.97|327.97|327.78|327.78|327.78|327.57|327.57|327.57|327.57|327.57|327.57|327.43|327.33|327.33|327.15|327.13|326.98|311.71|311.71|311.71|311.71|311.71|311.71|311.71|311.71|311.71|311.71|311.62|311.51|311.51|311.51|311.51|311.1|311.1|311.1|311.1|311.1|298.21|298.21|298.21|298.21|287.34|287.34|287.34|287.34|287.34|287.34|287.34|287.34|287.34|287.34|287.34|287.34|287.34|287.34|287.34|287.34|287.34|287.34|287.34|287.34|287.34|287.34|287.34|287.34|287.34|287.34|287.34|287.34|287.34|287.2|287.2|287.2|287.2|287.2|287.2|287.2|287.2|287.2|287.2|287.14|287.14|287.14|287.14|287.14|287.14|287.14|287.14|287.14|287.14|287.14|286.97|286.97|286.97|286.97|286.97|286.97|286.97|286.97|286.88|286.88|286.88|286.88|286.88|286.88|286.86|286.8|286.69|286.69|286.62|286.59|286.59|286.59|286.53|286.53|286.53|286.53|286.53|286.53|286.53|286.53|286.53|286.53|286.53|286.53|286.53|286.53|286.53|286.53|286.53|286.53|286.53|286.53|286.53|286.53|286.53|286.53|286.53|286.53|286.53|286.53|286.53|286.53|286.53|286.53|286.53|286.53|286.53|286.53|286.53|286.53|286.53|286.53|286.53|286.46|286.46|286.46|286.46|286.46|286.46|286.46|286.46|286.46|286.46|286.46|286.46|286.46|286.46|286.46|286.46|286.46|286.46|286.46|286.46|286.46|286.46|276.95|276.95|276.95|276.95|276.95|276.95|276.95|276.95|276.95|276.95|276.95|276.95|276.95|276.95|276.89|276.89|276.89|276.87|276.87|276.87|276.87|276.83|276.83|276.83|276.83|276.83|276.83|268.59|268.59|268.59|268.57|268.57|268.57|268.57|268.54|268.54|268.54|268.54|268.54|268.54|268.54|268.54|268.54|268.54|268.54|268.54|268.54|268.54|268.54|268.54|268.54|268.54|268.54|268.54|268.54|268.54|268.54|268.54|268.54|268.54|268.54|268.5|268.5|268.5|268.5|268.5|268.5|268.5|268.5|268.5|268.5|268.5|268.5|268.5|268.5|268.5|268.5|268.5|268.5|268.34|268.34|268.34|268.34|268.34|268.34|268.34|268.34|268.34|268.34|268.34|268.34|268.34|268.34|268.34|268.34|268.34|268.34|268.34|268.34|268.34|268.34|268.34|268.34|268.34|268.34|268.34|268.34|268.34|268.34|268.34|268.34|268.34|268.34|268.34|268.34|268.34|268.34|268.34|268.34|268.34|268.34|268.34|268.34|268.34|268.34|268.34|268.34|268.34|268.34|268.34|268.34|268.34|268.34|268.34|268.34|268.34|268.34|268.34|268.34|268.34|268.34|268.34|268.34|268.34|268.34|268.34|268.34|268.34|268.34|268.34|268.34|268.34|268.34|268.34|268.34|268.34|268.34|268.34|268.34|268.34|268.34|268.34|268.34|268.34|268.34|268.34|268.34|268.34|268.34|268.34|268.34|268.34|268.34|268.34|268.34|268.34|268.34|268.34|268.34|268.34|268.34|268.34|268.34|268.34|268.34|268.34|268.34|268.34|268.34|268.34|268.34|268.34|268.34|268.34|268.34|268.34|268.34|268.34|268.34|268.34|268.34|268.34|268.34|268.34|268.34|268.34|268.34|268.34|268.34|268.34|268.34|268.34|268.34|268.34|268.34|268.34|268.34|268.34|268.34|268.34|268.34|268.34|268.34|268.34|268.34|268.34|268.34|268.34|268.34|268.34|268.34|268.34|268.34,100.0,177|163|198|165|195|146|186|170
10,3,2,459,9182,20,3343.35,0.42|0.77|0.48|0.74|0.82|0.75|0.56|0.76|12|11|11|6|15|7|10|27|2|6|2|3|4|2|2|2,0.05|0.05|0.2|0.15|0.15|0.1|0.1|0.2,001|002|003|004|005|006|008|009,1|2|3|4|5|6|7|8|9|10|11|12|13|14|15|16|17|18|19|20,3953.92|3953.92|3953.92|3953.92|3953.92|3953.92|3343.35|3343.35|3343.35|3343.35|3343.35|3343.35|3343.35|3343.35|3343.35|3343.35|3343.35|3343.35|3343.35|3343.35,10.0,4|7|5|4|4|8|4|4
10,1,2,522,31349,60,344.96,0.9|0.18|0.53|0.59|0.12|0.93|0.7|0.52|10.0|3.0|2.0|3.0|4.0|15.0|5.0|4.0|3|8|2|6|10|5|3|8,0.05|0.05|0.2|0.15|0.15|0.1|0.1|0.2,001|002|003|004|005|006|008|009,1|2|3|4|5|6|7|8|9|10|11|12|13|14|15|16|17|18|19|20|21|22|23|24|25|26|27|28|29|30|31|32|33|34|35|36|37|38|39|40|41|42|43|44|45|46|47|48|49|50|51|52|53|54|55|56|57|58|59|60,3960.26|3960.26|3942.09|3905.23|3905.23|3905.23|3903.15|3903.15|3903.15|3903.15|3903.15|3903.15|3903.15|404.32|404.32|404.32|386.73|386.73|386.73|385.85|385.85|385.85|383.6|383.6|383.6|382.71|382.71|382.38|382.38|382.38|382.38|382.38|382.38|382.38|382.38|377.0|377.0|377.0|377.0|377.0|377.0|377.0|377.0|377.0|376.27|376.27|376.27|359.73|344.96|344.96|344.96|344.96|344.96|344.96|344.96|344.96|344.96|344.96|344.96|344.96,10.0,16|19|8|19|15|17|15|11
20,2,4,1020,91802,90,381.71,0.82|0.7|0.34|0.4|0.38|0.16|0.56|0.42|5.0|3.0|2.0|2.0|4.0|3.0|16.0|3.0|7|10|2|2|4|5|2|3,0.05|0.05|0.2|0.15|0.15|0.1|0.1|0.2,001|002|003|004|005|006|008|009,1|2|3|4|5|6|7|8|9|10|11|12|13|14|15|16|17|18|19|20|21|22|23|24|25|26|27|28|29|30|31|32|33|34|35|36|37|38|39|40|41|42|43|44|45|46|47|48|49|50|51|52|53|54|55|56|57|58|59|60|61|62|63|64|65|66|67|68|69|70|71|72|73|74|75|76|77|78|79|80|81|82|83|84|85|86|87|88|89|90,1660.7|1660.7|1660.7|1660.7|1660.7|1660.7|1660.7|1660.7|1644.51|1532.11|1524.5|1521.06|1521.06|1521.06|1504.42|1504.42|1499.46|1371.39|1371.39|447.31|447.31|447.31|447.31|445.5|444.78|443.67|443.67|443.67|434.04|434.04|433.28|433.28|389.61|389.61|389.61|388.73|388.35|386.97|386.97|386.97|386.97|386.97|386.97|386.97|386.97|386.97|386.59|386.59|386.59|386.59|386.59|386.59|386.59|385.89|385.89|385.89|385.89|385.89|385.89|385.89|384.25|384.25|384.25|384.25|384.25|384.25|384.25|384.25|381.94|381.94|381.94|381.94|381.94|381.94|381.94|381.94|381.71|381.71|381.71|381.71|381.71|381.71|381.71|381.71|381.71|381.71|381.71|381.71|381.71|381.71,10.0,40|53|49|46|48|36|50|38
50,5,10,2781,417179,150,232.16,0.39|0.28|0.74|0.42|0.76|0.66|0.56|0.44|2.0|18.0|2.0|3.0|4.0|8.0|1.0|4.0|2|2|2|10|10|10|6|10,0.05|0.05|0.2|0.15|0.15|0.1|0.1|0.2,001|002|003|004|005|006|008|009,1|2|3|4|5|6|7|8|9|10|11|12|13|14|15|16|17|18|19|20|21|22|23|24|25|26|27|28|29|30|31|32|33|34|35|36|37|38|39|40|41|42|43|44|45|46|47|48|49|50|51|52|53|54|55|56|57|58|59|60|61|62|63|64|65|66|67|68|69|70|71|72|73|74|75|76|77|78|79|80|81|82|83|84|85|86|87|88|89|90|91|92|93|94|95|96|97|98|99|100|101|102|103|104|105|106|107|108|109|110|111|112|113|114|115|116|117|118|119|120|121|122|123|124|125|126|127|128|129|130|131|132|133|134|135|136|137|138|139|140|141|142|143|144|145|146|147|148|149|150,3901.38|3759.08|3448.18|3448.18|2861.59|2861.59|2615.94|2615.94|2615.94|2167.34|2028.75|1545.05|1454.42|970.7|467.26|467.26|467.26|465.26|460.66|460.66|425.55|415.64|408.12|408.12|408.12|404.71|384.64|378.26|374.03|374.03|314.55|308.86|295.74|292.24|292.24|292.24|292.24|290.27|289.66|282.69|282.69|282.69|281.79|274.98|273.53|273.53|273.53|272.73|272.73|272.63|272.63|271.42|271.4|271.4|271.4|270.96|270.96|270.96|270.96|270.96|260.82|260.82|260.47|260.47|260.15|260.15|259.88|259.81|259.28|259.28|250.97|250.45|250.45|242.68|242.68|242.44|242.08|241.86|241.61|241.61|241.43|241.43|241.27|241.27|241.27|241.27|241.13|241.13|241.13|240.46|240.46|240.46|240.46|240.46|240.46|240.46|240.03|240.03|240.03|240.03|240.03|240.03|240.03|240.03|240.03|240.03|240.03|239.95|239.95|239.61|239.61|239.61|239.47|239.47|239.47|239.34|239.34|239.09|239.09|239.09|239.09|232.38|232.38|232.38|232.38|232.2|232.2|232.2|232.2|232.2|232.2|232.16|232.16|232.16|232.16|232.16|232.16|232.16|232.16|232.16|232.16|232.16|232.16|232.16|232.16|232.16|232.16|232.16|232.16|232.16,10.0,194|194|216|183|184|176|159|194
100,10,20,5363,804474,150,61.14,0.55|0.41|0.34|0.3|0.58|0.32|0.52|0.48|3.0|3.0|2.0|2.0|4.0|3.0|1.0|4.0|10|10|2|2|10|10|4|10,0.05|0.05|0.2|0.15|0.15|0.1|0.1|0.2,001|002|003|004|005|006|008|009,1|2|3|4|5|6|7|8|9|10|11|12|13|14|15|16|17|18|19|20|21|22|23|24|25|26|27|28|29|30|31|32|33|34|35|36|37|38|39|40|41|42|43|44|45|46|47|48|49|50|51|52|53|54|55|56|57|58|59|60|61|62|63|64|65|66|67|68|69|70|71|72|73|74|75|76|77|78|79|80|81|82|83|84|85|86|87|88|89|90|91|92|93|94|95|96|97|98|99|100|101|102|103|104|105|106|107|108|109|110|111|112|113|114|115|116|117|118|119|120|121|122|123|124|125|126|127|128|129|130|131|132|133|134|135|136|137|138|139|140|141|142|143|144|145|146|147|148|149|150,3141.43|3141.43|1237.73|1237.73|1237.73|1237.73|1237.73|1237.73|933.67|885.69|869.6|869.6|869.6|847.2|847.2|847.2|710.07|702.74|676.91|676.91|674.0|667.48|667.48|667.48|662.15|662.15|662.15|640.9|640.51|640.51|640.51|640.51|638.14|638.14|638.14|637.72|636.07|577.38|577.38|577.38|577.38|577.38|577.38|577.38|577.38|577.38|576.19|576.19|576.19|574.77|571.44|571.44|571.44|556.59|556.59|556.47|550.19|550.19|550.19|548.08|548.08|548.08|533.45|533.45|533.45|533.45|533.36|533.36|532.66|532.38|532.24|532.13|532.13|71.38|71.38|71.38|71.38|68.86|68.86|67.05|66.93|65.65|65.63|65.27|64.91|64.31|64.08|63.79|63.48|63.28|62.99|62.81|62.79|62.79|62.79|62.32|61.91|61.91|61.91|61.91|61.68|61.51|61.51|61.51|61.51|61.51|61.51|61.51|61.51|61.51|61.51|61.51|61.51|61.44|61.44|61.44|61.44|61.44|61.44|61.44|61.32|61.32|61.32|61.28|61.28|61.28|61.28|61.28|61.28|61.28|61.19|61.19|61.19|61.19|61.14|61.14|61.14|61.14|61.14|61.14|61.14|61.14|61.14|61.14|61.14|61.14|61.14|61.14|61.14|61.14,10.0,407|359|372|355|377|362|393|375
10,1,2,511,71593,140,687.43,0.38|0.47|0.66|0.28|0.02|0.99|0.28|0.17|2.0|17.0|2.0|3.0|20.0|6.0|1.0|4.0|4|2|5|7|2|10|10|6,0.05|0.05|0.2|0.15|0.15|0.1|0.1|0.2,001|002|003|004|005|006|008|009,1|2|3|4|5|6|7|8|9|10|11|12|13|14|15|16|17|18|19|20|21|22|23|24|25|26|27|28|29|30|31|32|33|34|35|36|37|38|39|40|41|42|43|44|45|46|47|48|49|50|51|52|53|54|55|56|57|58|59|60|61|62|63|64|65|66|67|68|69|70|71|72|73|74|75|76|77|78|79|80|81|82|83|84|85|86|87|88|89|90|91|92|93|94|95|96|97|98|99|100|101|102|103|104|105|106|107|108|109|110|111|112|113|114|115|116|117|118|119|120|121|122|123|124|125|126|127|128|129|130|131|132|133|134|135|136|137|138|139|140,3528.9|1047.89|1047.89|1047.89|1047.89|1046.85|1046.85|1046.85|1046.85|1046.85|1007.16|985.59|985.59|985.59|985.59|985.59|985.28|985.28|985.28|967.55|967.55|967.55|967.55|967.55|945.83|945.83|945.83|945.28|945.28|945.28|945.28|910.74|910.74|910.74|908.97|908.97|891.88|891.88|891.88|890.91|890.91|890.91|890.88|890.88|890.88|876.52|876.52|876.08|876.08|876.08|875.46|875.46|875.46|875.46|875.46|875.46|875.46|875.46|874.54|874.54|874.54|874.54|874.22|839.83|839.83|839.83|839.83|812.17|785.64|785.64|785.64|785.64|785.64|785.64|785.64|785.64|785.64|785.64|785.64|785.64|785.64|785.64|785.64|761.83|761.83|761.83|753.0|731.83|731.63|731.63|731.47|723.71|723.71|723.71|723.71|723.67|723.55|723.55|723.38|723.38|723.38|723.38|723.38|723.38|704.46|704.46|704.46|704.46|704.46|704.46|687.48|687.48|687.48|687.48|687.48|687.48|687.48|687.48|687.43|687.43|687.43|687.43|687.43|687.43|687.43|687.43|687.43|687.43|687.43|687.43|687.43|687.43|687.43|687.43|687.43|687.43|687.43|687.43|687.43|687.43,20.0,37|38|25|32|35|35|41|37
20,2,4,1028,452483,440,453.97,0.62|0.54|0.46|0.42|0.28|0.78|0.15|0.52|8.0|3.0|3.0|3.0|4.0|4.0|17.0|4.0|10|9|10|10|10|10|2|10,0.05|0.05|0.2|0.15|0.15|0.1|0.1|0.2,001|002|003|004|005|006|008|009,1|2|3|4|5|6|7|8|9|10|11|12|13|14|15|16|17|18|19|20|21|22|23|24|25|26|27|28|29|30|31|32|33|34|35|36|37|38|39|40|41|42|43|44|45|46|47|48|49|50|51|52|53|54|55|56|57|58|59|60|61|62|63|64|65|66|67|68|69|70|71|72|73|74|75|76|77|78|79|80|81|82|83|84|85|86|87|88|89|90|91|92|93|94|95|96|97|98|99|100|101|102|103|104|105|106|107|108|109|110|111|112|113|114|115|116|117|118|119|120|121|122|123|124|125|126|127|128|129|130|131|132|133|134|135|136|137|138|139|140|141|142|143|144|145|146|147|148|149|150|151|152|153|154|155|156|157|158|159|160|161|162|163|164|165|166|167|168|169|170|171|172|173|174|175|176|177|178|179|180|181|182|183|184|185|186|187|188|189|190|191|192|193|194|195|196|197|198|199|200|201|202|203|204|205|206|207|208|209|210|211|212|213|214|215|216|217|218|219|220|221|222|223|224|225|226|227|228|229|230|231|232|233|234|235|236|237|238|239|240|241|242|243|244|245|246|247|248|249|250|251|252|253|254|255|256|257|258|259|260|261|262|263|264|265|266|267|268|269|270|271|272|273|274|275|276|277|278|279|280|281|282|283|284|285|286|287|288|289|290|291|292|293|294|295|296|297|298|299|300|301|302|303|304|305|306|307|308|309|310|311|312|313|314|315|316|317|318|319|320|321|322|323|324|325|326|327|328|329|330|331|332|333|334|335|336|337|338|339|340|341|342|343|344|345|346|347|348|349|350|351|352|353|354|355|356|357|358|359|360|361|362|363|364|365|366|367|368|369|370|371|372|373|374|375|376|377|378|379|380|381|382|383|384|385|386|387|388|389|390|391|392|393|394|395|396|397|398|399|400|401|402|403|404|405|406|407|408|409|410|411|412|413|414|415|416|417|418|419|420|421|422|423|424|425|426|427|428|429|430|431|432|433|434|435|436|437|438|439|440,3298.07|3298.07|2809.0|2728.71|2457.87|2446.8|2446.8|2446.8|2249.49|2248.3|2248.18|1792.93|1493.92|1493.92|1493.92|1493.92|1493.92|1493.92|1493.92|1493.92|1493.35|1471.67|1471.02|1471.02|1470.99|1470.99|1470.99|1407.18|1407.18|1407.18|1406.57|1406.57|1406.44|1365.95|1365.95|1365.95|1365.95|1365.95|1365.95|1340.11|1340.11|1284.66|1284.66|1284.66|1284.66|1284.66|1284.66|1275.84|1275.69|1275.69|1275.69|1240.93|1240.93|1240.93|1240.93|1240.93|1240.93|1240.93|1240.93|1240.93|1240.93|1240.93|1240.93|1240.93|1240.54|1240.54|1240.54|1240.54|1240.54|1240.54|1240.54|1240.54|1240.54|1240.13|1240.13|1239.7|1239.7|1239.7|1239.7|1239.7|1210.85|1210.85|1210.85|1210.85|1210.85|1210.85|1210.85|1210.85|1210.74|1210.74|1210.74|1210.74|1210.74|1210.74|1210.44|1210.2|1210.2|1210.2|1210.2|1210.2|1210.2|1210.2|1210.2|1210.1|1210.02|1210.02|1210.02|1210.02|1210.02|1210.02|1210.02|1210.02|1210.02|1210.02|1210.02|1210.02|1210.02|1210.02|1210.02|1210.02|1210.02|1210.02|1210.02|1210.02|1210.02|1210.02|972.47|972.47|972.47|972.47|972.47|972.47|972.47|972.47|972.47|972.47|972.47|972.47|972.47|972.47|972.47|972.47|972.47|972.47|972.47|972.47|972.47|970.17|970.17|970.17|970.17|970.17|967.62|967.62|967.62|965.24|965.24|964.32|964.32|964.32|964.32|964.32|964.32|964.32|964.29|964.29|964.29|964.12|964.12|964.07|963.79|963.79|963.55|963.55|963.55|963.51|963.51|963.51|933.26|933.26|933.26|933.04|933.04|933.04|933.04|933.04|932.99|932.99|932.99|932.48|932.48|932.48|932.48|932.48|932.25|932.25|932.25|932.25|932.25|932.25|932.25|931.93|931.93|931.93|931.93|931.93|931.93|931.88|931.88|931.81|931.81|759.35|759.35|759.35|759.35|759.12|759.12|759.12|759.12|759.12|759.12|759.12|759.12|759.12|759.12|758.89|758.89|758.89|758.89|758.89|758.89|758.89|758.89|758.71|758.71|758.71|758.71|758.6|758.6|744.48|744.48|726.77|726.59|726.59|726.45|710.74|710.74|710.74|710.74|710.74|710.74|710.74|710.74|710.74|710.53|710.53|710.4|710.4|710.4|710.4|710.4|710.4|710.4|710.4|710.4|710.4|696.79|696.79|696.79|696.79|696.79|696.79|696.79|696.79|696.79|478.43|478.43|478.43|478.19|478.19|466.15|466.15|466.15|466.15|462.14|462.14|461.93|461.93|461.93|461.93|461.93|461.84|459.31|459.21|459.21|459.21|459.21|459.21|459.21|457.86|457.83|457.69|457.69|457.69|457.69|457.69|457.69|457.69|457.69|456.61|456.61|456.61|456.61|456.61|456.61|456.61|456.61|456.51|455.7|455.7|455.7|455.7|455.7|455.7|455.6|455.6|455.6|455.6|455.6|455.6|455.6|455.6|455.6|455.6|455.46|455.46|455.46|455.46|455.46|455.46|455.46|455.4|455.4|455.4|455.4|455.4|455.4|455.4|455.4|454.91|454.91|454.91|454.91|454.91|454.91|454.91|454.85|454.85|454.85|454.85|454.85|454.85|454.85|454.85|454.85|454.85|454.85|454.85|454.76|454.76|454.76|454.76|454.76|454.65|454.65|454.65|454.65|454.65|454.65|454.65|454.65|454.65|454.65|454.65|454.65|454.34|454.34|454.34|454.34|454.29|454.29|454.29|454.29|454.29|454.29|454.14|454.14|454.14|454.14|454.14|454.14|454.14|453.97|453.97|453.97|453.97|453.97|453.97|453.97|453.97|453.97|453.97|453.97|453.97|453.97|453.97|453.97|453.97|453.97|453.97|453.97|453.97|453.97|453.97|453.97|453.97|453.97|453.97|453.97|453.97|453.97|453.97|453.97|453.97|453.97|453.97|453.97|453.97|453.97|453.97,20.0,200|213|240|218|219|224|232|214
50,5,10,2584,413481,160,60.94,0.52|0.55|0.1|0.42|0.3|0.09|0.86|0.56|2.0|3.0|2.0|3.0|4.0|3.0|1.0|4.0|2|10|2|10|10|10|7|10,0.05|0.05|0.2|0.15|0.15|0.1|0.1|0.2,001|002|003|004|005|006|008|009,1|2|3|4|5|6|7|8|9|10|11|12|13|14|15|16|17|18|19|20|21|22|23|24|25|26|27|28|29|30|31|32|33|34|35|36|37|38|39|40|41|42|43|44|45|46|47|48|49|50|51|52|53|54|55|56|57|58|59|60|61|62|63|64|65|66|67|68|69|70|71|72|73|74|75|76|77|78|79|80|81|82|83|84|85|86|87|88|89|90|91|92|93|94|95|96|97|98|99|100|101|102|103|104|105|106|107|108|109|110|111|112|113|114|115|116|117|118|119|120|121|122|123|124|125|126|127|128|129|130|131|132|133|134|135|136|137|138|139|140|141|142|143|144|145|146|147|148|149|150|151|152|153|154|155|156|157|158|159|160,2903.56|2903.56|2046.56|1289.15|1289.15|1289.15|1262.63|905.53|90.32|90.32|90.32|90.32|90.32|86.15|86.15|84.36|84.36|80.36|80.36|79.86|79.26|76.11|76.11|76.11|74.61|74.61|70.97|70.97|68.62|68.62|68.62|67.54|66.15|66.15|66.01|65.06|64.84|64.84|64.55|64.55|63.61|63.61|63.61|63.61|63.37|63.15|63.15|62.86|62.86|62.84|62.6|62.6|62.6|62.43|62.43|62.43|62.43|62.43|62.27|62.27|62.19|62.19|62.19|62.1|62.1|62.1|62.1|62.1|62.02|62.02|61.97|61.97|61.97|61.97|61.97|61.86|61.86|61.86|61.86|61.86|61.8|61.8|61.8|61.8|61.67|61.67|61.67|61.67|61.67|61.5|61.5|61.5|61.5|61.5|61.5|61.5|61.5|61.5|61.39|61.39|61.39|61.39|61.39|61.39|61.39|61.39|61.39|61.39|61.39|61.14|61.14|61.14|61.14|61.14|61.14|61.14|61.14|61.14|61.14|61.14|61.05|61.05|61.05|61.05|61.05|60.98|60.98|60.98|60.98|60.94|60.94|60.94|60.94|60.94|60.94|60.94|60.94|60.94|60.94|60.94|60.94|60.94|60.94|60.94|60.94|60.94|60.94|60.94|60.94|60.94|60.94|60.94|60.94|60.94|60.94|60.94|60.94|60.94|60.94|60.94,20.0,194|235|188|190|208|196|178|211
100,10,20,5755,575510,100,61.03,0.56|0.88|0.51|0.65|0.48|0.24|0.64|0.73|2.0|3.0|3.0|2.0|4.0|3.0|1.0|4.0|2|10|10|2|10|10|6|10,0.05|0.05|0.2|0.15|0.15|0.1|0.1|0.2,001|002|003|004|005|006|008|009,1|2|3|4|5|6|7|8|9|10|11|12|13|14|15|16|17|18|19|20|21|22|23|24|25|26|27|28|29|30|31|32|33|34|35|36|37|38|39|40|41|42|43|44|45|46|47|48|49|50|51|52|53|54|55|56|57|58|59|60|61|62|63|64|65|66|67|68|69|70|71|72|73|74|75|76|77|78|79|80|81|82|83|84|85|86|87|88|89|90|91|92|93|94|95|96|97|98|99|100,2335.38|1231.87|1231.87|537.9|276.29|273.26|80.59|80.59|80.59|78.74|78.25|75.13|75.13|72.7|72.1|69.77|69.66|68.98|68.45|67.27|67.27|64.82|64.82|64.82|64.4|63.97|63.52|63.46|63.23|62.99|62.93|62.86|62.56|62.56|62.33|62.33|61.93|61.93|61.84|61.84|61.84|61.52|61.52|61.52|61.45|61.45|61.45|61.37|61.37|61.34|61.31|61.13|61.13|61.13|61.13|61.13|61.13|61.13|61.13|61.13|61.08|61.08|61.08|61.08|61.08|61.08|61.03|61.03|61.03|61.03|61.03|61.03|61.03|61.03|61.03|61.03|61.03|61.03|61.03|61.03|61.03|61.03|61.03|61.03|61.03|61.03|61.03|61.03|61.03|61.03|61.03|61.03|61.03|61.03|61.03|61.03|61.03|61.03|61.03|61.03,20.0,249|245|263|249|248|243|257|246
10,1,2,534,160179,300,396.96,0.96|0.86|0.88|0.33|0.63|0.76|0.26|0.71|8.0|3.0|3.0|3.0|4.0|3.0|14.0|4.0|10|10|10|10|10|10|2|10,0.05|0.05|0.2|0.15|0.15|0.1|0.1|0.2,001|002|003|004|005|006|008|009,1|2|3|4|5|6|7|8|9|10|11|12|13|14|15|16|17|18|19|20|21|22|23|24|25|26|27|28|29|30|31|32|33|34|35|36|37|38|39|40|41|42|43|44|45|46|47|48|49|50|51|52|53|54|55|56|57|58|59|60|61|62|63|64|65|66|67|68|69|70|71|72|73|74|75|76|77|78|79|80|81|82|83|84|85|86|87|88|89|90|91|92|93|94|95|96|97|98|99|100|101|102|103|104|105|106|107|108|109|110|111|112|113|114|115|116|117|118|119|120|121|122|123|124|125|126|127|128|129|130|131|132|133|134|135|136|137|138|139|140|141|142|143|144|145|146|147|148|149|150|151|152|153|154|155|156|157|158|159|160|161|162|163|164|165|166|167|168|169|170|171|172|173|174|175|176|177|178|179|180|181|182|183|184|185|186|187|188|189|190|191|192|193|194|195|196|197|198|199|200|201|202|203|204|205|206|207|208|209|210|211|212|213|214|215|216|217|218|219|220|221|222|223|224|225|226|227|228|229|230|231|232|233|234|235|236|237|238|239|240|241|242|243|244|245|246|247|248|249|250|251|252|253|254|255|256|257|258|259|260|261|262|263|264|265|266|267|268|269|270|271|272|273|274|275|276|277|278|279|280|281|282|283|284|285|286|287|288|289|290|291|292|293|294|295|296|297|298|299|300,5588.38|5588.38|4014.72|4011.92|4011.92|4011.92|1454.52|1408.4|1408.4|1408.4|1408.4|1408.4|1408.4|1408.4|1408.4|1406.77|1406.24|1406.24|1406.24|1406.24|1406.24|1406.24|1406.24|1406.24|1357.71|1355.88|1355.88|1355.76|1355.76|1355.76|1355.76|1355.76|1312.35|1312.35|1312.35|1312.35|1268.32|1268.32|1268.32|1248.4|1248.4|1248.4|1205.21|1203.22|1202.02|1085.87|1085.87|999.0|999.0|998.7|998.7|998.52|983.8|983.8|983.8|983.8|983.8|983.8|983.8|982.56|982.56|982.56|982.56|982.56|981.77|981.77|914.35|914.35|914.35|914.35|914.15|914.15|914.15|914.15|914.0|914.0|914.0|914.0|913.83|913.83|913.83|902.51|901.68|901.68|901.21|901.21|901.21|901.21|901.21|900.58|900.58|900.58|900.58|900.58|900.58|900.58|900.58|900.44|900.44|900.44|900.3|900.3|900.3|900.3|899.55|899.55|899.55|899.55|899.55|899.55|899.44|899.44|899.44|899.44|899.44|845.72|845.72|845.72|845.72|845.72|845.72|845.72|825.87|824.98|824.98|824.98|824.81|824.81|824.81|824.81|645.25|645.25|645.14|645.14|645.14|645.14|645.14|645.14|645.14|645.14|645.14|644.59|644.59|644.59|644.59|644.59|644.59|644.59|644.59|644.59|644.59|644.53|644.53|607.75|607.75|599.11|599.11|599.11|598.52|598.52|598.52|598.52|598.52|479.82|479.82|479.82|479.82|479.82|479.82|475.07|475.07|475.07|475.07|472.63|472.63|472.63|472.63|472.63|472.63|472.63|472.63|472.63|472.63|471.38|470.81|470.81|470.14|470.14|469.76|469.76|469.19|468.54|468.54|468.54|468.54|468.54|468.54|468.54|468.54|468.54|468.54|468.54|468.54|468.54|468.54|468.54|468.54|468.54|445.9|445.9|445.9|445.9|445.9|445.9|445.9|445.9|445.86|445.86|445.86|445.86|445.53|445.53|426.77|426.77|426.77|426.77|426.77|426.77|426.77|410.92|410.92|410.92|410.83|410.83|410.83|410.83|410.83|410.83|410.83|410.83|410.83|410.83|410.83|410.83|410.83|410.83|410.83|410.83|410.83|410.83|410.73|410.73|410.73|410.73|410.73|410.73|410.68|410.35|410.35|410.35|410.35|410.35|410.35|410.35|410.35|410.35|396.96|396.96|396.96|396.96|396.96|396.96|396.96|396.96|396.96|396.96|396.96|396.96|396.96|396.96|396.96|396.96|396.96|396.96|396.96|396.96|396.96|396.96|396.96|396.96|396.96|396.96|396.96|396.96|396.96|396.96|396.96|396.96|396.96|396.96,30.0,72|85|82|77|58|77|86|63
20,2,4,1042,281259,270,61.23,0.42|0.54|0.47|0.66|0.47|0.4|0.48|0.18|3.0|3.0|3.0|3.0|4.0|3.0|1.0|4.0|10|10|10|10|10|10|6|10,0.05|0.05|0.2|0.15|0.15|0.1|0.1|0.2,001|002|003|004|005|006|008|009,1|2|3|4|5|6|7|8|9|10|11|12|13|14|15|16|17|18|19|20|21|22|23|24|25|26|27|28|29|30|31|32|33|34|35|36|37|38|39|40|41|42|43|44|45|46|47|48|49|50|51|52|53|54|55|56|57|58|59|60|61|62|63|64|65|66|67|68|69|70|71|72|73|74|75|76|77|78|79|80|81|82|83|84|85|86|87|88|89|90|91|92|93|94|95|96|97|98|99|100|101|102|103|104|105|106|107|108|109|110|111|112|113|114|115|116|117|118|119|120|121|122|123|124|125|126|127|128|129|130|131|132|133|134|135|136|137|138|139|140|141|142|143|144|145|146|147|148|149|150|151|152|153|154|155|156|157|158|159|160|161|162|163|164|165|166|167|168|169|170|171|172|173|174|175|176|177|178|179|180|181|182|183|184|185|186|187|188|189|190|191|192|193|194|195|196|197|198|199|200|201|202|203|204|205|206|207|208|209|210|211|212|213|214|215|216|217|218|219|220|221|222|223|224|225|226|227|228|229|230|231|232|233|234|235|236|237|238|239|240|241|242|243|244|245|246|247|248|249|250|251|252|253|254|255|256|257|258|259|260|261|262|263|264|265|266|267|268|269|270,3284.56|2162.22|2162.22|2162.22|1479.56|1479.56|1479.56|1431.45|1399.94|1399.94|1398.83|1398.45|1231.23|1231.23|1231.23|1038.84|906.17|854.62|853.72|804.06|757.09|757.09|757.09|622.4|622.4|600.41|600.41|600.41|600.41|600.41|598.8|598.8|598.8|598.8|598.8|598.53|598.53|598.53|536.83|536.83|536.83|536.83|536.83|536.83|536.83|530.54|530.54|530.54|530.54|530.54|530.54|530.54|530.54|530.54|530.54|530.54|530.54|530.54|530.54|530.54|530.54|530.54|529.63|528.39|526.86|526.6|525.53|525.53|525.53|525.53|525.53|525.07|525.07|71.04|71.04|71.04|71.04|71.04|71.04|70.24|70.24|70.24|70.0|69.06|67.65|67.65|67.65|67.65|67.65|66.84|66.84|66.84|66.14|66.14|65.74|65.06|63.86|63.86|63.86|63.26|63.26|63.26|63.23|63.11|62.99|62.65|62.65|62.65|62.65|62.65|62.65|62.65|62.65|62.65|62.65|62.65|62.65|62.65|62.47|62.47|62.47|62.43|62.43|62.43|62.43|62.43|62.43|62.43|62.32|62.32|62.32|62.32|62.32|62.32|62.32|62.22|62.22|62.15|62.15|62.15|62.15|62.15|62.15|62.11|62.06|62.06|62.06|61.87|61.87|61.87|61.87|61.87|61.87|61.87|61.87|61.81|61.81|61.81|61.81|61.81|61.71|61.71|61.71|61.71|61.71|61.71|61.71|61.71|61.71|61.71|61.71|61.71|61.71|61.67|61.67|61.67|61.67|61.67|61.67|61.67|61.67|61.67|61.67|61.67|61.67|61.67|61.67|61.67|61.67|61.59|61.59|61.47|61.47|61.47|61.47|61.47|61.47|61.47|61.47|61.47|61.47|61.47|61.47|61.47|61.47|61.47|61.47|61.47|61.47|61.47|61.47|61.47|61.47|61.47|61.47|61.47|61.47|61.47|61.47|61.41|61.41|61.41|61.41|61.41|61.41|61.41|61.41|61.41|61.41|61.41|61.23|61.23|61.23|61.23|61.23|61.23|61.23|61.23|61.23|61.23|61.23|61.23|61.23|61.23|61.23|61.23|61.23|61.23|61.23|61.23|61.23|61.23|61.23|61.23|61.23|61.23|61.23|61.23|61.23|61.23|61.23|61.23|61.23|61.23|61.23|61.23|61.23|61.23|61.23|61.23,30.0,129|146|133|138|121|130|148|135
50,5,10,2775,582792,210,305.68,0.58|0.78|0.59|0.28|0.33|0.88|0.5|0.5|3.0|3.0|2.0|3.0|18.0|4.0|1.0|4.0|10|10|5|10|2|10|3|10,0.05|0.05|0.2|0.15|0.15|0.1|0.1|0.2,001|002|003|004|005|006|008|009,1|2|3|4|5|6|7|8|9|10|11|12|13|14|15|16|17|18|19|20|21|22|23|24|25|26|27|28|29|30|31|32|33|34|35|36|37|38|39|40|41|42|43|44|45|46|47|48|49|50|51|52|53|54|55|56|57|58|59|60|61|62|63|64|65|66|67|68|69|70|71|72|73|74|75|76|77|78|79|80|81|82|83|84|85|86|87|88|89|90|91|92|93|94|95|96|97|98|99|100|101|102|103|104|105|106|107|108|109|110|111|112|113|114|115|116|117|118|119|120|121|122|123|124|125|126|127|128|129|130|131|132|133|134|135|136|137|138|139|140|141|142|143|144|145|146|147|148|149|150|151|152|153|154|155|156|157|158|159|160|161|162|163|164|165|166|167|168|169|170|171|172|173|174|175|176|177|178|179|180|181|182|183|184|185|186|187|188|189|190|191|192|193|194|195|196|197|198|199|200|201|202|203|204|205|206|207|208|209|210,1942.62|1942.62|1942.62|1942.62|1942.62|1942.62|1791.39|1182.47|1182.47|1182.47|1059.35|1059.35|1059.35|960.07|910.91|894.33|893.79|867.27|867.27|866.96|846.43|846.43|844.47|844.47|844.4|844.4|828.82|828.59|828.59|814.37|813.96|813.96|813.96|813.59|813.59|786.5|761.33|758.4|758.4|757.18|755.14|754.66|754.66|753.95|753.47|752.51|722.82|722.82|722.71|701.66|701.66|701.66|700.3|678.15|678.15|678.15|678.15|678.15|677.81|677.81|677.81|676.76|676.76|676.76|676.76|676.76|676.76|676.76|676.76|676.76|676.76|676.76|660.3|659.43|659.43|653.41|653.13|652.81|623.04|623.04|623.04|623.04|621.2|621.2|621.13|621.13|621.13|621.06|621.06|620.07|620.07|619.81|619.54|619.39|619.39|619.21|619.1|618.63|618.63|618.5|618.44|618.44|618.37|618.27|618.27|617.88|591.23|591.23|591.08|590.95|590.77|590.77|590.77|590.74|590.61|590.61|590.52|590.17|590.17|590.13|589.93|589.93|589.87|589.87|589.85|589.76|589.71|589.71|589.71|589.71|565.9|565.9|565.9|565.9|565.73|565.73|565.73|565.63|565.63|565.63|565.63|565.63|565.63|565.59|565.59|331.99|331.99|331.99|331.99|326.84|326.75|326.75|326.75|315.49|315.49|315.49|315.49|315.49|315.46|315.46|315.46|315.46|315.39|315.39|315.39|315.39|315.39|315.39|315.39|315.39|315.39|315.39|315.39|315.39|315.39|305.75|305.75|305.75|305.75|305.68|305.68|305.68|305.68|305.68|305.68|305.68|305.68|305.68|305.68|305.68|305.68|305.68|305.68|305.68|305.68|305.68|305.68|305.68|305.68|305.68|305.68|305.68|305.68|305.68|305.68|305.68|305.68|305.68|305.68|305.68,30.0,262|258|260|260|281|264|255|260
100,10,20,5349,962778,180,60.73,0.52|0.6|0.56|0.31|0.57|0.41|0.48|0.57|2.0|3.0|2.0|3.0|4.0|3.0|1.0|4.0|2|10|5|10|10|10|2|10,0.05|0.05|0.2|0.15|0.15|0.1|0.1|0.2,001|002|003|004|005|006|008|009,1|2|3|4|5|6|7|8|9|10|11|12|13|14|15|16|17|18|19|20|21|22|23|24|25|26|27|28|29|30|31|32|33|34|35|36|37|38|39|40|41|42|43|44|45|46|47|48|49|50|51|52|53|54|55|56|57|58|59|60|61|62|63|64|65|66|67|68|69|70|71|72|73|74|75|76|77|78|79|80|81|82|83|84|85|86|87|88|89|90|91|92|93|94|95|96|97|98|99|100|101|102|103|104|105|106|107|108|109|110|111|112|113|114|115|116|117|118|119|120|121|122|123|124|125|126|127|128|129|130|131|132|133|134|135|136|137|138|139|140|141|142|143|144|145|146|147|148|149|150|151|152|153|154|155|156|157|158|159|160|161|162|163|164|165|166|167|168|169|170|171|172|173|174|175|176|177|178|179|180,2831.86|2684.08|2049.74|1619.64|1619.64|1594.73|1594.73|1490.99|992.54|941.17|901.38|901.38|901.38|901.38|901.38|901.38|856.34|839.66|839.66|542.89|542.89|531.59|296.0|292.65|256.16|256.16|255.85|248.25|89.14|78.98|77.23|75.7|73.6|73.6|70.69|68.61|68.61|67.17|67.17|66.58|66.58|66.46|66.46|66.29|65.24|65.24|64.3|64.3|64.3|64.13|63.79|63.67|63.55|63.55|63.45|63.07|63.07|63.07|63.07|63.07|62.87|62.87|62.87|62.64|62.64|62.5|62.35|62.35|62.08|62.08|62.08|61.64|61.64|61.64|61.64|61.64|61.64|61.53|61.53|61.53|61.53|61.53|61.53|61.42|61.42|61.42|61.34|61.34|61.34|61.34|61.34|61.27|61.27|61.27|61.27|61.27|61.27|61.27|61.27|61.27|61.22|61.18|61.09|61.09|61.04|61.04|61.04|61.04|61.04|61.04|61.04|61.04|61.04|61.04|61.04|60.93|60.93|60.93|60.93|60.93|60.93|60.93|60.93|60.93|60.93|60.93|60.93|60.93|60.84|60.84|60.84|60.84|60.84|60.84|60.84|60.77|60.77|60.77|60.77|60.77|60.77|60.77|60.77|60.77|60.77|60.73|60.73|60.73|60.73|60.73|60.73|60.73|60.73|60.73|60.73|60.73|60.73|60.73|60.73|60.73|60.73|60.73|60.73|60.73|60.73|60.73|60.73|60.73|60.73|60.73|60.73|60.73|60.73|60.73|60.73|60.73|60.73|60.73|60.73|60.73,30.0,443|439|472|462|443|447|444|450
10,1,2,549,329404,600,693.02,0.65|0.89|0.61|0.84|0.89|0.35|0.92|0.65|21|3|2|3|5|3|1|4|2|9|5|10|10|8|5|10,0.05|0.05|0.2|0.15|0.15|0.1|0.1|0.2,001|002|003|004|005|006|008|009,1|2|3|4|5|6|7|8|9|10|11|12|13|14|15|16|17|18|19|20|21|22|23|24|25|26|27|28|29|30|31|32|33|34|35|36|37|38|39|40|41|42|43|44|45|46|47|48|49|50|51|52|53|54|55|56|57|58|59|60|61|62|63|64|65|66|67|68|69|70|71|72|73|74|75|76|77|78|79|80|81|82|83|84|85|86|87|88|89|90|91|92|93|94|95|96|97|98|99|100|101|102|103|104|105|106|107|108|109|110|111|112|113|114|115|116|117|118|119|120|121|122|123|124|125|126|127|128|129|130|131|132|133|134|135|136|137|138|139|140|141|142|143|144|145|146|147|148|149|150|151|152|153|154|155|156|157|158|159|160|161|162|163|164|165|166|167|168|169|170|171|172|173|174|175|176|177|178|179|180|181|182|183|184|185|186|187|188|189|190|191|192|193|194|195|196|197|198|199|200|201|202|203|204|205|206|207|208|209|210|211|212|213|214|215|216|217|218|219|220|221|222|223|224|225|226|227|228|229|230|231|232|233|234|235|236|237|238|239|240|241|242|243|244|245|246|247|248|249|250|251|252|253|254|255|256|257|258|259|260|261|262|263|264|265|266|267|268|269|270|271|272|273|274|275|276|277|278|279|280|281|282|283|284|285|286|287|288|289|290|291|292|293|294|295|296|297|298|299|300|301|302|303|304|305|306|307|308|309|310|311|312|313|314|315|316|317|318|319|320|321|322|323|324|325|326|327|328|329|330|331|332|333|334|335|336|337|338|339|340|341|342|343|344|345|346|347|348|349|350|351|352|353|354|355|356|357|358|359|360|361|362|363|364|365|366|367|368|369|370|371|372|373|374|375|376|377|378|379|380|381|382|383|384|385|386|387|388|389|390|391|392|393|394|395|396|397|398|399|400|401|402|403|404|405|406|407|408|409|410|411|412|413|414|415|416|417|418|419|420|421|422|423|424|425|426|427|428|429|430|431|432|433|434|435|436|437|438|439|440|441|442|443|444|445|446|447|448|449|450|451|452|453|454|455|456|457|458|459|460|461|462|463|464|465|466|467|468|469|470|471|472|473|474|475|476|477|478|479|480|481|482|483|484|485|486|487|488|489|490|491|492|493|494|495|496|497|498|499|500|501|502|503|504|505|506|507|508|509|510|511|512|513|514|515|516|517|518|519|520|521|522|523|524|525|526|527|528|529|530|531|532|533|534|535|536|537|538|539|540|541|542|543|544|545|546|547|548|549|550|551|552|553|554|555|556|557|558|559|560|561|562|563|564|565|566|567|568|569|570|571|572|573|574|575|576|577|578|579|580|581|582|583|584|585|586|587|588|589|590|591|592|593|594|595|596|597|598|599|600,2783.85|2783.85|2783.85|2783.85|2749.42|2720.38|2720.38|2720.38|2720.38|2720.38|2720.38|2720.02|2720.02|2720.02|2720.02|2623.37|2623.37|2623.37|2623.37|2622.97|2622.97|2622.97|2622.97|2622.97|2622.97|2622.97|2622.97|2622.94|2622.94|2622.94|2622.94|2622.94|2622.94|2354.03|2354.03|2310.74|2309.81|2309.81|2282.86|2282.86|2180.57|2180.57|2180.37|2180.37|2180.37|2180.37|2086.62|2086.62|2086.62|2086.29|2086.29|2051.56|2051.56|2051.56|1836.53|1836.53|1836.53|1836.53|1834.61|1833.72|1833.72|1833.72|1831.73|1776.6|1776.6|1776.6|1776.6|1776.6|1776.6|1776.19|1775.81|1775.81|1775.81|1775.81|1775.81|1775.81|1775.81|1775.81|1775.47|1775.47|1775.47|1775.47|1774.91|1774.91|1774.91|1774.91|1774.91|1774.91|1774.91|1774.91|1774.91|1774.91|1774.91|1774.91|1774.91|1774.91|1774.91|1774.91|1774.91|1774.91|1773.84|1773.84|1773.84|1773.84|1773.84|1773.84|1773.84|1773.84|1773.84|1737.65|1737.65|1737.65|1737.65|1737.65|1737.65|1737.65|1737.65|1737.58|1737.58|1689.35|1689.35|1689.35|1689.35|1689.35|1689.35|1689.35|1689.35|1689.35|1646.9|1646.9|1646.9|1646.4|1646.4|1646.4|1646.4|1646.4|1646.4|1646.4|1646.4|1646.4|1646.4|1646.4|1646.03|1646.03|1646.03|1646.03|1646.03|1646.03|1646.03|1646.03|1645.79|1645.79|1645.79|1645.79|1645.79|1645.79|1645.79|1645.79|1608.06|1608.06|1608.06|1608.06|1608.06|1574.31|1574.31|1574.31|1574.31|1574.24|1574.24|1574.24|1574.24|1574.16|1574.16|1574.16|1573.79|1573.79|1573.79|1573.79|1573.79|1573.79|1573.79|1573.79|1573.7|1573.7|1573.7|1573.7|1573.7|1573.7|1573.7|1573.7|1573.7|1573.7|1573.7|1573.7|1573.7|1573.7|1573.7|1573.7|1573.7|1573.7|1542.04|1542.04|1542.04|1542.04|1542.04|1542.04|1542.04|1542.04|1542.04|1541.91|1541.91|766.61|766.61|753.28|753.28|747.93|747.93|747.93|747.93|747.93|747.93|747.93|747.76|747.76|747.76|747.71|747.71|747.71|747.71|747.71|747.71|747.37|747.22|744.22|744.22|744.22|744.22|744.22|744.22|744.22|744.22|744.22|744.22|743.16|743.16|743.16|743.16|741.91|741.91|741.91|741.91|741.03|741.03|741.03|741.03|741.03|741.03|741.03|741.03|741.03|741.03|741.03|741.03|741.03|741.03|741.03|741.03|741.03|741.03|741.03|741.03|741.03|741.03|741.03|741.03|741.03|741.03|740.17|740.17|739.49|739.29|739.04|739.04|739.04|739.04|739.04|739.04|739.04|739.04|739.04|739.04|739.04|739.01|739.01|739.01|738.68|738.68|738.68|738.68|738.68|738.68|738.68|738.68|738.57|738.57|738.57|738.57|738.57|738.52|738.49|738.49|738.49|738.49|738.49|738.49|738.49|738.49|738.49|738.41|738.41|738.41|738.41|738.41|738.41|738.41|738.41|738.41|738.41|738.41|738.41|738.41|738.41|738.41|738.41|738.41|738.41|738.41|738.41|738.41|738.41|738.41|738.41|738.41|738.41|738.41|738.41|738.34|738.34|738.34|738.34|715.19|715.19|715.19|715.19|715.19|715.19|715.19|715.19|714.95|714.95|693.89|693.89|693.89|693.89|693.89|693.89|693.89|693.89|693.89|693.89|693.89|693.89|693.89|693.89|693.89|693.89|693.89|693.89|693.89|693.89|693.89|693.89|693.89|693.89|693.89|693.89|693.89|693.89|693.89|693.89|693.89|693.89|693.89|693.83|693.83|693.83|693.83|693.83|693.83|693.83|693.83|693.83|693.83|693.83|693.83|693.83|693.83|693.83|693.83|693.83|693.83|693.83|693.83|693.83|693.83|693.83|693.83|693.83|693.83|693.83|693.83|693.83|693.83|693.83|693.83|693.83|693.83|693.83|693.83|693.83|693.83|693.83|693.83|693.83|693.83|693.83|693.83|693.83|693.83|693.83|693.83|693.83|693.83|693.83|693.78|693.78|693.78|693.78|693.78|693.78|693.78|693.78|693.78|693.78|693.78|693.78|693.78|693.78|693.78|693.72|693.72|693.72|693.72|693.72|693.72|693.72|693.64|693.64|693.64|693.64|693.64|693.64|693.64|693.53|693.53|693.53|693.53|693.53|693.53|693.53|693.53|693.53|693.53|693.53|693.53|693.53|693.53|693.53|693.53|693.53|693.53|693.53|693.53|693.53|693.53|693.53|693.53|693.53|693.53|693.53|693.53|693.53|693.53|693.41|693.41|693.41|693.41|693.41|693.41|693.25|693.25|693.25|693.02|693.02|693.02|693.02|693.02|693.02|693.02|693.02|693.02|693.02|693.02|693.02|693.02|693.02|693.02|693.02|693.02|693.02|693.02|693.02|693.02|693.02|693.02|693.02|693.02|693.02|693.02|693.02|693.02|693.02|693.02|693.02|693.02|693.02|693.02|693.02|693.02|693.02|693.02|693.02|693.02|693.02|693.02|693.02|693.02|693.02|693.02|693.02|693.02|693.02|693.02|693.02|693.02|693.02|693.02|693.02|693.02|693.02|693.02|693.02|693.02|693.02|693.02|693.02|693.02|693.02|693.02|693.02|693.02|693.02|693.02|693.02|693.02|693.02|693.02|693.02|693.02|693.02|693.02|693.02|693.02|693.02|693.02|693.02|693.02|693.02|693.02|693.02,50.0,150|151|163|146|150|145|143|152
20,2,4,1141,399179,350,633.97,0.38|0.76|0.42|0.68|0.34|0.3|0.88|0.44|3.0|4.0|3.0|3.0|20.0|3.0|1.0|4.0|10|10|10|10|2|10|2|10,0.05|0.05|0.2|0.15|0.15|0.1|0.1|0.2,001|002|003|004|005|006|008|009,1|2|3|4|5|6|7|8|9|10|11|12|13|14|15|16|17|18|19|20|21|22|23|24|25|26|27|28|29|30|31|32|33|34|35|36|37|38|39|40|41|42|43|44|45|46|47|48|49|50|51|52|53|54|55|56|57|58|59|60|61|62|63|64|65|66|67|68|69|70|71|72|73|74|75|76|77|78|79|80|81|82|83|84|85|86|87|88|89|90|91|92|93|94|95|96|97|98|99|100|101|102|103|104|105|106|107|108|109|110|111|112|113|114|115|116|117|118|119|120|121|122|123|124|125|126|127|128|129|130|131|132|133|134|135|136|137|138|139|140|141|142|143|144|145|146|147|148|149|150|151|152|153|154|155|156|157|158|159|160|161|162|163|164|165|166|167|168|169|170|171|172|173|174|175|176|177|178|179|180|181|182|183|184|185|186|187|188|189|190|191|192|193|194|195|196|197|198|199|200|201|202|203|204|205|206|207|208|209|210|211|212|213|214|215|216|217|218|219|220|221|222|223|224|225|226|227|228|229|230|231|232|233|234|235|236|237|238|239|240|241|242|243|244|245|246|247|248|249|250|251|252|253|254|255|256|257|258|259|260|261|262|263|264|265|266|267|268|269|270|271|272|273|274|275|276|277|278|279|280|281|282|283|284|285|286|287|288|289|290|291|292|293|294|295|296|297|298|299|300|301|302|303|304|305|306|307|308|309|310|311|312|313|314|315|316|317|318|319|320|321|322|323|324|325|326|327|328|329|330|331|332|333|334|335|336|337|338|339|340|341|342|343|344|345|346|347|348|349|350,3826.47|3826.47|3826.47|3826.47|3167.44|2988.77|2988.77|2510.72|2510.72|2510.72|2510.72|1931.08|1931.08|1931.08|1931.08|1931.08|1931.08|1321.48|1205.09|1205.09|1205.09|1205.09|1205.09|1205.09|1205.09|1205.09|1183.63|1183.63|1183.63|1182.0|1182.0|1182.0|1182.0|1182.0|1182.0|1182.0|1160.38|1158.64|1158.64|1141.94|1138.21|1117.16|1116.93|1100.37|1098.63|1098.63|1087.31|1086.68|1086.68|1086.68|1086.68|1086.39|1086.39|1086.39|1086.39|1086.39|1086.39|1086.39|1086.39|1086.01|1086.01|1085.87|1085.79|1085.79|1085.79|1085.79|1085.46|1060.03|1060.03|1060.03|1060.03|1060.03|1060.03|1059.54|1059.3|1059.24|1059.08|1059.08|1059.08|1037.6|1019.36|1019.36|1019.36|1019.36|1019.25|1019.25|1019.25|959.36|959.25|959.25|959.25|959.25|959.25|959.25|832.5|832.47|832.47|791.85|791.85|791.85|791.85|791.85|791.8|785.24|785.24|785.24|782.12|746.52|746.52|746.52|746.52|746.44|746.44|746.44|746.44|746.44|745.6|713.98|713.98|713.98|713.98|713.27|713.27|713.27|713.27|713.15|712.85|712.85|712.85|712.85|712.85|712.85|712.85|712.85|712.71|712.71|712.71|712.71|712.71|712.5|712.41|712.41|712.41|712.41|712.41|712.41|711.71|711.71|711.71|711.71|711.71|711.71|711.71|711.71|711.71|711.71|711.71|711.71|711.71|711.71|711.71|711.71|711.71|711.08|711.08|711.08|711.08|711.08|711.08|710.75|710.52|710.52|710.52|710.52|710.52|710.52|710.24|710.24|682.46|682.46|682.46|682.46|682.46|682.46|682.46|682.46|682.46|682.46|682.25|682.25|682.11|681.94|681.94|681.94|681.94|681.94|681.94|681.94|681.91|681.91|681.91|681.91|657.06|657.06|657.06|657.06|657.06|657.06|657.06|656.82|656.82|656.82|656.82|656.82|656.82|656.82|656.82|656.82|656.77|656.77|656.77|656.67|656.67|656.67|656.67|656.67|656.67|656.67|656.67|656.67|656.55|656.55|656.55|656.55|656.55|656.55|656.46|656.46|656.46|656.46|656.46|656.46|656.46|656.46|656.46|656.46|656.46|656.46|656.41|656.32|656.32|656.32|656.32|656.32|656.32|656.32|656.32|656.32|656.28|656.28|656.28|656.28|656.28|656.28|656.28|656.28|656.28|656.28|656.28|656.28|656.28|656.28|656.28|656.28|656.28|656.28|656.28|656.28|656.28|656.28|656.28|633.97|633.97|633.97|633.97|633.97|633.97|633.97|633.97|633.97|633.97|633.97|633.97|633.97|633.97|633.97|633.97|633.97|633.97|633.97|633.97|633.97|633.97|633.97|633.97|633.97|633.97|633.97|633.97|633.97|633.97|633.97|633.97|633.97|633.97|633.97|633.97|633.97|633.97|633.97|633.97|633.97|633.97|633.97|633.97|633.97|633.97|633.97|633.97|633.97|633.97|633.97|633.97|633.97|633.97|633.97|633.97|633.97|633.97|633.97|633.97|633.97|633.97|633.97|633.97|633.97|633.97|633.97|633.97|633.97,50.0,190|177|172|166|167|173|168|187
50,5,10,2789,697126,250,61.25,0.52|0.37|0.61|0.62|0.62|0.55|0.24|0.46|2.0|3.0|3.0|2.0|4.0|3.0|1.0|4.0|4|10|10|2|10|10|3|10,0.05|0.05|0.2|0.15|0.15|0.1|0.1|0.2,001|002|003|004|005|006|008|009,1|2|3|4|5|6|7|8|9|10|11|12|13|14|15|16|17|18|19|20|21|22|23|24|25|26|27|28|29|30|31|32|33|34|35|36|37|38|39|40|41|42|43|44|45|46|47|48|49|50|51|52|53|54|55|56|57|58|59|60|61|62|63|64|65|66|67|68|69|70|71|72|73|74|75|76|77|78|79|80|81|82|83|84|85|86|87|88|89|90|91|92|93|94|95|96|97|98|99|100|101|102|103|104|105|106|107|108|109|110|111|112|113|114|115|116|117|118|119|120|121|122|123|124|125|126|127|128|129|130|131|132|133|134|135|136|137|138|139|140|141|142|143|144|145|146|147|148|149|150|151|152|153|154|155|156|157|158|159|160|161|162|163|164|165|166|167|168|169|170|171|172|173|174|175|176|177|178|179|180|181|182|183|184|185|186|187|188|189|190|191|192|193|194|195|196|197|198|199|200|201|202|203|204|205|206|207|208|209|210|211|212|213|214|215|216|217|218|219|220|221|222|223|224|225|226|227|228|229|230|231|232|233|234|235|236|237|238|239|240|241|242|243|244|245|246|247|248|249|250,4592.22|3849.99|3849.99|3577.21|3068.43|3068.43|3068.43|2610.01|2586.29|2338.96|2060.35|2060.35|1641.95|1641.95|1641.95|1641.95|1436.1|1314.31|1314.31|1314.31|1294.42|1242.14|1242.14|1242.14|1227.78|1227.78|1208.85|1208.85|1208.85|1208.85|1189.65|1184.89|1184.89|1128.81|1128.81|1128.81|1128.81|460.56|460.56|460.56|237.46|86.74|86.74|84.13|79.72|77.8|75.99|75.34|75.34|72.41|72.12|71.4|70.36|69.91|69.62|69.62|69.36|68.83|68.79|68.79|68.79|68.26|68.26|67.91|67.05|67.05|67.05|66.86|66.86|66.86|66.86|66.86|66.86|66.86|65.93|65.93|63.83|63.83|63.83|63.83|63.16|63.09|63.09|63.09|62.94|62.29|62.29|62.29|62.19|62.19|62.19|62.06|61.95|61.95|61.88|61.86|61.86|61.74|61.74|61.74|61.63|61.63|61.63|61.63|61.63|61.63|61.63|61.53|61.53|61.53|61.53|61.53|61.53|61.53|61.53|61.39|61.39|61.39|61.39|61.39|61.39|61.39|61.39|61.39|61.39|61.39|61.39|61.39|61.39|61.39|61.39|61.39|61.39|61.39|61.39|61.39|61.39|61.31|61.31|61.31|61.31|61.31|61.31|61.31|61.31|61.31|61.31|61.31|61.31|61.31|61.31|61.25|61.25|61.25|61.25|61.25|61.25|61.25|61.25|61.25|61.25|61.25|61.25|61.25|61.25|61.25|61.25|61.25|61.25|61.25|61.25|61.25|61.25|61.25|61.25|61.25|61.25|61.25|61.25|61.25|61.25|61.25|61.25|61.25|61.25|61.25|61.25|61.25|61.25|61.25|61.25|61.25|61.25|61.25|61.25|61.25|61.25|61.25|61.25|61.25|61.25|61.25|61.25|61.25|61.25|61.25|61.25|61.25|61.25|61.25|61.25|61.25|61.25|61.25|61.25|61.25|61.25|61.25|61.25|61.25|61.25|61.25|61.25|61.25|61.25|61.25|61.25|61.25|61.25|61.25|61.25|61.25|61.25|61.25|61.25|61.25|61.25|61.25|61.25|61.25|61.25|61.25|61.25|61.25|61.25|61.25|61.25|61.25|61.25|61.25,50.0,361|287|323|333|300|316|276|304
100,10,20,5298,794698,150,60.73,0.4|0.65|0.62|0.64|0.4|0.52|0.4|0.64|2.0|3.0|2.0|3.0|4.0|3.0|1.0|4.0|2|10|5|10|10|10|2|10,0.05|0.05|0.2|0.15|0.15|0.1|0.1|0.2,001|002|003|004|005|006|008|009,1|2|3|4|5|6|7|8|9|10|11|12|13|14|15|16|17|18|19|20|21|22|23|24|25|26|27|28|29|30|31|32|33|34|35|36|37|38|39|40|41|42|43|44|45|46|47|48|49|50|51|52|53|54|55|56|57|58|59|60|61|62|63|64|65|66|67|68|69|70|71|72|73|74|75|76|77|78|79|80|81|82|83|84|85|86|87|88|89|90|91|92|93|94|95|96|97|98|99|100|101|102|103|104|105|106|107|108|109|110|111|112|113|114|115|116|117|118|119|120|121|122|123|124|125|126|127|128|129|130|131|132|133|134|135|136|137|138|139|140|141|142|143|144|145|146|147|148|149|150,4147.75|2788.93|2187.23|2187.23|2171.42|1190.53|1190.53|1190.53|1108.77|772.28|766.32|330.35|82.38|77.38|73.64|71.63|70.58|70.08|68.54|68.54|68.54|68.24|67.4|66.21|66.14|65.42|65.25|64.52|64.48|64.25|63.58|63.15|62.9|62.62|62.62|62.54|62.54|62.51|62.39|62.18|62.18|62.18|62.18|62.03|62.03|62.03|61.89|61.77|61.77|61.59|61.37|61.37|61.37|61.37|61.37|61.37|61.37|61.37|61.32|61.32|61.32|61.32|61.32|61.32|61.32|61.32|61.31|61.07|61.07|60.97|60.97|60.97|60.97|60.73|60.73|60.73|60.73|60.73|60.73|60.73|60.73|60.73|60.73|60.73|60.73|60.73|60.73|60.73|60.73|60.73|60.73|60.73|60.73|60.73|60.73|60.73|60.73|60.73|60.73|60.73|60.73|60.73|60.73|60.73|60.73|60.73|60.73|60.73|60.73|60.73|60.73|60.73|60.73|60.73|60.73|60.73|60.73|60.73|60.73|60.73|60.73|60.73|60.73|60.73|60.73|60.73|60.73|60.73|60.73|60.73|60.73|60.73|60.73|60.73|60.73|60.73|60.73|60.73|60.73|60.73|60.73|60.73|60.73|60.73|60.73|60.73|60.73|60.73|60.73|60.73,50.0,372|355|384|397|373|385|384|350
10,1,2,508,254154,500,181.76,0.43|0.33|0.24|0.38|0.11|0.96|0.16|0.51|2.0|3.0|3.0|2.0|4.0|4.0|16.0|4.0|4|8|9|2|10|10|2|8,0.05|0.05|0.2|0.15|0.15|0.1|0.1|0.2,001|002|003|004|005|006|008|009,1|2|3|4|5|6|7|8|9|10|11|12|13|14|15|16|17|18|19|20|21|22|23|24|25|26|27|28|29|30|31|32|33|34|35|36|37|38|39|40|41|42|43|44|45|46|47|48|49|50|51|52|53|54|55|56|57|58|59|60|61|62|63|64|65|66|67|68|69|70|71|72|73|74|75|76|77|78|79|80|81|82|83|84|85|86|87|88|89|90|91|92|93|94|95|96|97|98|99|100|101|102|103|104|105|106|107|108|109|110|111|112|113|114|115|116|117|118|119|120|121|122|123|124|125|126|127|128|129|130|131|132|133|134|135|136|137|138|139|140|141|142|143|144|145|146|147|148|149|150|151|152|153|154|155|156|157|158|159|160|161|162|163|164|165|166|167|168|169|170|171|172|173|174|175|176|177|178|179|180|181|182|183|184|185|186|187|188|189|190|191|192|193|194|195|196|197|198|199|200|201|202|203|204|205|206|207|208|209|210|211|212|213|214|215|216|217|218|219|220|221|222|223|224|225|226|227|228|229|230|231|232|233|234|235|236|237|238|239|240|241|242|243|244|245|246|247|248|249|250|251|252|253|254|255|256|257|258|259|260|261|262|263|264|265|266|267|268|269|270|271|272|273|274|275|276|277|278|279|280|281|282|283|284|285|286|287|288|289|290|291|292|293|294|295|296|297|298|299|300|301|302|303|304|305|306|307|308|309|310|311|312|313|314|315|316|317|318|319|320|321|322|323|324|325|326|327|328|329|330|331|332|333|334|335|336|337|338|339|340|341|342|343|344|345|346|347|348|349|350|351|352|353|354|355|356|357|358|359|360|361|362|363|364|365|366|367|368|369|370|371|372|373|374|375|376|377|378|379|380|381|382|383|384|385|386|387|388|389|390|391|392|393|394|395|396|397|398|399|400|401|402|403|404|405|406|407|408|409|410|411|412|413|414|415|416|417|418|419|420|421|422|423|424|425|426|427|428|429|430|431|432|433|434|435|436|437|438|439|440|441|442|443|444|445|446|447|448|449|450|451|452|453|454|455|456|457|458|459|460|461|462|463|464|465|466|467|468|469|470|471|472|473|474|475|476|477|478|479|480|481|482|483|484|485|486|487|488|489|490|491|492|493|494|495|496|497|498|499|500,4722.44|4558.61|4558.61|4136.34|4083.95|4083.95|4005.91|1187.84|1187.84|1187.84|1187.84|1187.84|1187.84|1182.94|291.31|291.31|287.14|287.14|287.14|287.14|269.74|269.74|253.1|253.1|253.1|253.1|253.1|253.1|248.88|248.88|248.88|235.87|227.25|227.25|227.25|227.25|226.56|226.56|226.56|226.56|226.56|225.56|225.56|225.56|225.56|219.19|219.19|219.19|219.19|219.19|219.19|219.19|213.98|211.04|211.04|211.04|211.04|208.66|208.66|208.66|208.66|208.66|208.66|208.66|208.66|207.33|207.33|207.33|207.33|207.33|207.33|207.33|207.33|207.33|202.95|202.95|202.95|202.95|202.95|202.95|202.95|202.95|202.95|202.95|202.95|202.95|202.95|201.5|201.5|201.5|201.5|201.5|201.5|201.5|200.78|197.21|197.21|197.21|197.21|197.21|197.21|196.59|196.59|196.59|196.59|196.59|196.59|196.59|196.59|196.59|196.59|196.59|196.59|196.3|195.23|192.05|192.05|192.05|192.05|192.05|192.05|192.05|192.05|192.05|192.05|192.05|189.65|189.65|189.65|189.65|189.3|189.3|189.3|189.3|189.3|189.3|189.3|189.3|189.3|189.3|189.16|189.16|189.16|189.16|189.16|189.16|189.16|189.16|189.16|189.16|189.16|189.16|189.16|189.16|189.16|189.01|189.01|189.01|187.86|187.86|187.86|187.86|187.86|187.86|187.86|187.86|187.86|187.86|187.86|187.86|187.78|187.78|187.78|187.78|187.78|187.78|187.78|187.78|187.78|187.78|187.78|187.66|187.66|187.66|187.37|187.37|187.37|187.37|187.37|187.37|186.99|186.99|186.99|186.99|186.99|186.99|186.99|186.99|186.99|186.99|186.99|186.99|186.99|186.99|186.99|186.99|186.99|186.99|186.99|186.99|186.99|186.99|186.99|186.04|186.04|186.04|186.04|186.04|186.04|183.26|183.26|183.26|183.26|183.26|183.26|183.26|183.26|183.26|183.26|183.26|183.26|183.26|183.26|183.26|183.26|183.26|183.26|183.26|183.26|183.26|183.26|183.26|183.26|183.26|183.26|183.26|183.26|183.26|182.81|182.81|182.81|182.81|182.74|182.5|182.5|182.5|182.5|182.5|182.5|182.5|182.5|182.5|182.5|182.5|182.5|182.5|182.5|182.5|182.5|182.5|182.5|182.5|182.5|182.5|182.5|182.5|182.36|182.36|182.36|182.36|182.36|182.36|182.36|182.36|182.36|182.36|182.36|182.36|182.36|182.36|182.36|182.36|182.36|182.36|182.36|182.36|181.93|181.93|181.93|181.93|181.93|181.93|181.93|181.93|181.93|181.93|181.93|181.93|181.93|181.93|181.93|181.93|181.93|181.93|181.93|181.93|181.93|181.93|181.93|181.93|181.93|181.93|181.93|181.93|181.93|181.93|181.93|181.93|181.93|181.93|181.93|181.93|181.93|181.93|181.93|181.93|181.93|181.93|181.93|181.93|181.93|181.93|181.76|181.76|181.76|181.76|181.76|181.76|181.76|181.76|181.76|181.76|181.76|181.76|181.76|181.76|181.76|181.76|181.76|181.76|181.76|181.76|181.76|181.76|181.76|181.76|181.76|181.76|181.76|181.76|181.76|181.76|181.76|181.76|181.76|181.76|181.76|181.76|181.76|181.76|181.76|181.76|181.76|181.76|181.76|181.76|181.76|181.76|181.76|181.76|181.76|181.76|181.76|181.76|181.76|181.76|181.76|181.76|181.76|181.76|181.76|181.76|181.76|181.76|181.76|181.76|181.76|181.76|181.76|181.76|181.76|181.76|181.76|181.76|181.76|181.76|181.76|181.76|181.76|181.76|181.76|181.76|181.76|181.76|181.76|181.76|181.76|181.76|181.76|181.76|181.76|181.76|181.76|181.76|181.76|181.76|181.76|181.76|181.76|181.76|181.76|181.76|181.76|181.76|181.76|181.76|181.76|181.76|181.76|181.76|181.76|181.76|181.76|181.76|181.76|181.76|181.76|181.76|181.76|181.76|181.76|181.76|181.76|181.76|181.76|181.76|181.76|181.76|181.76|181.76|181.76|181.76|181.76|181.76|181.76|181.76|181.76|181.76|181.76|181.76|181.76|181.76|181.76|181.76|181.76|181.76|181.76|181.76|181.76|181.76|181.76|181.76|181.76|181.76|181.76|181.76|181.76|181.76|181.76|181.76,100.0,131|113|127|127|121|127|132|122
20,2,4,1042,625281,600,60.73,0.52|0.6|0.31|0.72|0.7|0.28|0.74|0.71|2.0|3.0|2.0|3.0|4.0|3.0|1.0|4.0|2|10|5|10|10|10|4|10,0.05|0.05|0.2|0.15|0.15|0.1|0.1|0.2,001|002|003|004|005|006|008|009,1|2|3|4|5|6|7|8|9|10|11|12|13|14|15|16|17|18|19|20|21|22|23|24|25|26|27|28|29|30|31|32|33|34|35|36|37|38|39|40|41|42|43|44|45|46|47|48|49|50|51|52|53|54|55|56|57|58|59|60|61|62|63|64|65|66|67|68|69|70|71|72|73|74|75|76|77|78|79|80|81|82|83|84|85|86|87|88|89|90|91|92|93|94|95|96|97|98|99|100|101|102|103|104|105|106|107|108|109|110|111|112|113|114|115|116|117|118|119|120|121|122|123|124|125|126|127|128|129|130|131|132|133|134|135|136|137|138|139|140|141|142|143|144|145|146|147|148|149|150|151|152|153|154|155|156|157|158|159|160|161|162|163|164|165|166|167|168|169|170|171|172|173|174|175|176|177|178|179|180|181|182|183|184|185|186|187|188|189|190|191|192|193|194|195|196|197|198|199|200|201|202|203|204|205|206|207|208|209|210|211|212|213|214|215|216|217|218|219|220|221|222|223|224|225|226|227|228|229|230|231|232|233|234|235|236|237|238|239|240|241|242|243|244|245|246|247|248|249|250|251|252|253|254|255|256|257|258|259|260|261|262|263|264|265|266|267|268|269|270|271|272|273|274|275|276|277|278|279|280|281|282|283|284|285|286|287|288|289|290|291|292|293|294|295|296|297|298|299|300|301|302|303|304|305|306|307|308|309|310|311|312|313|314|315|316|317|318|319|320|321|322|323|324|325|326|327|328|329|330|331|332|333|334|335|336|337|338|339|340|341|342|343|344|345|346|347|348|349|350|351|352|353|354|355|356|357|358|359|360|361|362|363|364|365|366|367|368|369|370|371|372|373|374|375|376|377|378|379|380|381|382|383|384|385|386|387|388|389|390|391|392|393|394|395|396|397|398|399|400|401|402|403|404|405|406|407|408|409|410|411|412|413|414|415|416|417|418|419|420|421|422|423|424|425|426|427|428|429|430|431|432|433|434|435|436|437|438|439|440|441|442|443|444|445|446|447|448|449|450|451|452|453|454|455|456|457|458|459|460|461|462|463|464|465|466|467|468|469|470|471|472|473|474|475|476|477|478|479|480|481|482|483|484|485|486|487|488|489|490|491|492|493|494|495|496|497|498|499|500|501|502|503|504|505|506|507|508|509|510|511|512|513|514|515|516|517|518|519|520|521|522|523|524|525|526|527|528|529|530|531|532|533|534|535|536|537|538|539|540|541|542|543|544|545|546|547|548|549|550|551|552|553|554|555|556|557|558|559|560|561|562|563|564|565|566|567|568|569|570|571|572|573|574|575|576|577|578|579|580|581|582|583|584|585|586|587|588|589|590|591|592|593|594|595|596|597|598|599|600,4900.25|4900.25|4170.73|4170.73|4036.63|4036.63|4036.63|4036.63|3839.45|1817.03|1817.03|1817.03|1817.03|1817.03|1817.03|1817.03|1817.03|1817.03|1817.03|1817.03|1817.03|1817.03|1817.03|1817.03|1817.03|1817.03|1817.03|1817.03|1817.03|1797.09|1797.09|1191.2|1190.55|1163.03|1163.03|1161.86|1135.55|1135.33|1135.33|1135.33|1115.49|1115.49|1112.73|1112.73|1112.73|1112.73|1093.12|1093.12|1093.12|1093.12|1093.12|1093.12|1092.97|1092.97|1091.9|1091.9|1091.9|1091.9|1077.06|1075.56|1075.56|1075.56|1075.56|1075.56|1058.42|1054.33|1054.33|1054.33|1053.81|1053.81|1053.42|1053.42|1053.42|1053.42|1053.42|1053.42|962.33|962.33|962.33|949.41|949.41|949.41|949.41|945.05|945.05|945.05|945.05|941.52|941.52|940.69|939.83|939.83|936.48|934.62|932.23|932.23|932.15|930.89|926.74|926.74|925.78|925.78|923.98|923.56|923.56|923.56|923.56|923.56|923.56|923.56|923.56|922.15|922.15|922.15|922.15|922.15|922.15|922.15|921.75|921.75|921.75|921.75|921.75|921.75|921.75|920.77|920.77|920.77|920.77|919.34|918.55|918.55|918.55|918.55|918.55|918.55|918.55|918.55|918.55|918.55|918.55|917.56|917.56|917.56|917.56|917.56|917.56|917.56|917.3|917.3|917.3|917.3|917.3|915.4|915.4|907.17|907.17|907.17|907.17|907.17|907.17|906.38|906.38|906.38|906.38|906.38|906.38|901.67|901.67|901.67|901.67|891.66|891.66|890.3|890.3|889.7|889.69|866.92|866.91|866.91|861.28|849.72|834.31|834.31|834.31|828.98|826.33|805.15|805.15|805.15|805.15|805.15|805.15|805.15|803.94|803.94|803.94|803.94|803.94|803.94|803.94|803.94|803.94|803.94|803.94|803.59|803.59|803.59|803.59|803.59|803.59|803.59|803.59|803.59|803.59|803.59|803.59|803.28|803.28|803.28|803.28|803.28|803.28|798.8|798.8|798.8|781.3|781.3|781.3|781.3|781.3|781.29|781.29|781.29|781.29|781.29|781.29|781.29|781.29|781.29|781.29|781.29|781.29|781.29|781.29|781.29|781.28|781.28|781.28|781.28|781.28|781.28|781.28|781.28|781.28|781.28|781.28|781.28|781.28|781.28|781.26|780.98|780.82|780.79|780.79|780.64|780.64|780.64|780.64|762.5|762.5|762.5|762.5|762.5|762.5|762.5|762.5|762.37|762.37|762.37|762.37|762.37|762.36|762.36|762.36|762.36|762.17|761.83|761.83|761.83|761.6|761.6|761.46|761.46|761.46|761.22|761.22|761.22|761.11|742.35|742.35|725.46|725.46|725.46|725.46|725.46|725.46|725.29|725.29|725.29|725.29|725.29|725.29|725.29|725.29|725.28|725.28|725.28|725.28|725.27|725.27|725.27|725.27|725.27|725.27|725.27|725.27|725.27|710.26|710.26|710.26|695.2|695.19|695.19|695.19|695.19|695.19|695.19|695.19|681.76|681.76|681.76|681.76|681.76|681.76|681.76|681.76|681.76|669.02|669.02|669.02|669.02|658.18|658.18|658.18|658.18|658.16|658.16|658.16|658.16|658.16|658.16|658.16|658.16|658.16|658.16|658.16|658.16|658.16|658.16|658.16|658.16|66.49|65.05|64.01|63.6|62.5|62.5|62.32|62.32|61.85|61.78|61.62|61.62|61.38|61.38|61.38|61.38|61.38|61.38|61.38|61.38|61.38|61.38|61.38|61.38|61.38|61.03|61.03|61.03|61.03|60.9|60.9|60.9|60.9|60.9|60.9|60.9|60.9|60.9|60.9|60.79|60.79|60.79|60.79|60.79|60.79|60.79|60.79|60.79|60.79|60.79|60.79|60.79|60.79|60.79|60.79|60.79|60.79|60.79|60.79|60.79|60.79|60.79|60.79|60.79|60.79|60.79|60.79|60.79|60.79|60.79|60.79|60.79|60.79|60.79|60.79|60.79|60.79|60.79|60.79|60.79|60.79|60.79|60.79|60.79|60.79|60.79|60.79|60.79|60.79|60.79|60.79|60.79|60.79|60.79|60.79|60.79|60.79|60.79|60.79|60.79|60.79|60.79|60.79|60.79|60.79|60.79|60.79|60.79|60.79|60.79|60.79|60.79|60.79|60.79|60.79|60.79|60.79|60.73|60.73|60.73|60.73|60.73|60.73|60.73|60.73|60.73|60.73|60.73|60.73|60.73|60.73|60.73|60.73|60.73|60.73|60.73|60.73|60.73|60.73|60.73|60.73|60.73|60.73|60.73|60.73|60.73|60.73|60.73|60.73|60.73|60.73|60.73|60.73|60.73|60.73|60.73|60.73|60.73|60.73|60.73|60.73|60.73|60.73|60.73|60.73|60.73|60.73|60.73|60.73|60.73|60.73|60.73|60.73|60.73|60.73|60.73|60.73|60.73|60.73|60.73|60.73|60.73|60.73|60.73|60.73|60.73|60.73|60.73|60.73|60.73|60.73|60.73|60.73|60.73|60.73|60.73|60.73|60.73|60.73|60.73|60.73|60.73|60.73|60.73|60.73|60.73|60.73|60.73|60.73|60.73|60.73|60.73|60.73|60.73|60.73|60.73|60.73|60.73|60.73|60.73|60.73|60.73|60.73|60.73|60.73|60.73|60.73|60.73,100.0,291|316|318|271|297|285|322|300
50,5,10,2596,778730,300,63.22,0.56|0.84|0.63|0.76|0.68|0.4|0.69|0.52|3.0|3.0|3.0|2.0|4.0|3.0|1.0|3.0|10|10|10|2|10|10|4|3,0.05|0.05|0.2|0.15|0.15|0.1|0.1|0.2,001|002|003|004|005|006|008|009,1|2|3|4|5|6|7|8|9|10|11|12|13|14|15|16|17|18|19|20|21|22|23|24|25|26|27|28|29|30|31|32|33|34|35|36|37|38|39|40|41|42|43|44|45|46|47|48|49|50|51|52|53|54|55|56|57|58|59|60|61|62|63|64|65|66|67|68|69|70|71|72|73|74|75|76|77|78|79|80|81|82|83|84|85|86|87|88|89|90|91|92|93|94|95|96|97|98|99|100|101|102|103|104|105|106|107|108|109|110|111|112|113|114|115|116|117|118|119|120|121|122|123|124|125|126|127|128|129|130|131|132|133|134|135|136|137|138|139|140|141|142|143|144|145|146|147|148|149|150|151|152|153|154|155|156|157|158|159|160|161|162|163|164|165|166|167|168|169|170|171|172|173|174|175|176|177|178|179|180|181|182|183|184|185|186|187|188|189|190|191|192|193|194|195|196|197|198|199|200|201|202|203|204|205|206|207|208|209|210|211|212|213|214|215|216|217|218|219|220|221|222|223|224|225|226|227|228|229|230|231|232|233|234|235|236|237|238|239|240|241|242|243|244|245|246|247|248|249|250|251|252|253|254|255|256|257|258|259|260|261|262|263|264|265|266|267|268|269|270|271|272|273|274|275|276|277|278|279|280|281|282|283|284|285|286|287|288|289|290|291|292|293|294|295|296|297|298|299|300,3463.79|3463.79|3463.79|3302.16|3205.68|3155.83|1877.71|1877.71|1877.71|1660.07|1584.81|1584.81|1584.81|1578.64|1046.72|1046.72|861.0|513.62|513.62|513.62|513.62|513.62|513.62|510.2|495.19|453.08|453.08|453.08|453.08|453.08|448.17|448.17|448.12|445.39|445.39|445.39|445.39|445.29|445.29|445.29|444.59|444.1|444.1|444.1|443.63|443.37|443.37|443.37|443.05|440.57|440.57|439.62|439.62|439.28|439.08|439.08|438.7|438.18|438.18|438.18|437.61|83.51|83.51|83.45|83.45|83.45|83.37|82.93|82.84|82.84|82.84|82.24|82.15|82.15|81.98|81.93|81.93|81.93|81.45|81.45|81.45|77.99|73.79|71.99|71.99|70.65|70.65|70.65|70.17|69.24|68.94|68.83|68.83|67.67|67.67|67.28|67.28|67.28|67.05|66.86|66.86|66.59|66.59|66.59|65.95|65.95|65.61|65.61|64.84|64.84|64.84|64.51|64.51|64.51|64.14|64.14|63.82|63.82|63.82|63.82|63.82|63.82|63.82|63.71|63.71|63.71|63.59|63.59|63.59|63.59|63.59|63.59|63.42|63.42|63.42|63.42|63.42|63.42|63.42|63.42|63.42|63.33|63.33|63.33|63.33|63.33|63.33|63.33|63.33|63.33|63.33|63.33|63.33|63.33|63.33|63.33|63.33|63.33|63.33|63.33|63.33|63.33|63.33|63.33|63.33|63.33|63.33|63.33|63.26|63.26|63.26|63.26|63.26|63.26|63.26|63.26|63.26|63.26|63.26|63.26|63.26|63.26|63.26|63.26|63.26|63.26|63.22|63.22|63.22|63.22|63.22|63.22|63.22|63.22|63.22|63.22|63.22|63.22|63.22|63.22|63.22|63.22|63.22|63.22|63.22|63.22|63.22|63.22|63.22|63.22|63.22|63.22|63.22|63.22|63.22|63.22|63.22|63.22|63.22|63.22|63.22|63.22|63.22|63.22|63.22|63.22|63.22|63.22|63.22|63.22|63.22|63.22|63.22|63.22|63.22|63.22|63.22|63.22|63.22|63.22|63.22|63.22|63.22|63.22|63.22|63.22|63.22|63.22|63.22|63.22|63.22|63.22|63.22|63.22|63.22|63.22|63.22|63.22|63.22|63.22|63.22|63.22|63.22|63.22|63.22|63.22|63.22|63.22|63.22|63.22|63.22|63.22|63.22|63.22|63.22|63.22|63.22|63.22|63.22|63.22|63.22|63.22|63.22|63.22|63.22|63.22|63.22|63.22|63.22|63.22|63.22|63.22|63.22|63.22|63.22|63.22|63.22|63.22|63.22|63.22,100.0,375|353|390|374|365|390|384|369
100,10,20,5263,1052566,200,60.93,0.3|0.72|0.3|0.28|0.5|0.58|0.72|0.23|3.0|3.0|2.0|3.0|4.0|3.0|1.0|4.0|10|10|5|10|10|10|3|10,0.05|0.05|0.2|0.15|0.15|0.1|0.1|0.2,001|002|003|004|005|006|008|009,1|2|3|4|5|6|7|8|9|10|11|12|13|14|15|16|17|18|19|20|21|22|23|24|25|26|27|28|29|30|31|32|33|34|35|36|37|38|39|40|41|42|43|44|45|46|47|48|49|50|51|52|53|54|55|56|57|58|59|60|61|62|63|64|65|66|67|68|69|70|71|72|73|74|75|76|77|78|79|80|81|82|83|84|85|86|87|88|89|90|91|92|93|94|95|96|97|98|99|100|101|102|103|104|105|106|107|108|109|110|111|112|113|114|115|116|117|118|119|120|121|122|123|124|125|126|127|128|129|130|131|132|133|134|135|136|137|138|139|140|141|142|143|144|145|146|147|148|149|150|151|152|153|154|155|156|157|158|159|160|161|162|163|164|165|166|167|168|169|170|171|172|173|174|175|176|177|178|179|180|181|182|183|184|185|186|187|188|189|190|191|192|193|194|195|196|197|198|199|200,2149.62|2149.62|2149.62|2149.62|1740.21|1196.26|572.98|572.98|354.72|354.72|354.72|349.09|98.59|98.59|94.43|86.6|86.6|80.95|80.45|80.36|76.18|74.52|73.12|71.76|71.6|70.48|70.24|70.24|69.5|68.65|68.37|68.37|67.92|67.25|66.07|65.94|65.08|64.56|64.56|64.41|64.15|63.49|63.41|63.29|62.7|62.7|62.25|62.25|62.19|62.07|61.84|61.84|61.73|61.73|61.73|61.73|61.73|61.73|61.47|61.31|61.24|61.24|61.24|61.24|61.16|61.16|61.16|61.1|61.1|61.1|61.04|61.04|61.04|61.0|60.93|60.93|60.93|60.93|60.93|60.93|60.93|60.93|60.93|60.93|60.93|60.93|60.93|60.93|60.93|60.93|60.93|60.93|60.93|60.93|60.93|60.93|60.93|60.93|60.93|60.93|60.93|60.93|60.93|60.93|60.93|60.93|60.93|60.93|60.93|60.93|60.93|60.93|60.93|60.93|60.93|60.93|60.93|60.93|60.93|60.93|60.93|60.93|60.93|60.93|60.93|60.93|60.93|60.93|60.93|60.93|60.93|60.93|60.93|60.93|60.93|60.93|60.93|60.93|60.93|60.93|60.93|60.93|60.93|60.93|60.93|60.93|60.93|60.93|60.93|60.93|60.93|60.93|60.93|60.93|60.93|60.93|60.93|60.93|60.93|60.93|60.93|60.93|60.93|60.93|60.93|60.93|60.93|60.93|60.93|60.93|60.93|60.93|60.93|60.93|60.93|60.93|60.93|60.93|60.93|60.93|60.93|60.93|60.93|60.93|60.93|60.93|60.93|60.93|60.93|60.93|60.93|60.93|60.93|60.93|60.93|60.93|60.93|60.93|60.93|60.93,100.0,526|501|487|512|498|488|483|505
10,1,5,556,44452,80,622.07,0.69|0.65|0.37|0.63|0.64|0.08|0.42|0.29|3.0|6.0|3.0|16.0|4.0|3.0|10.0|4.0|6|9|8|2|8|10|2|8,0.05|0.05|0.2|0.15|0.15|0.1|0.1|0.2,001|002|003|004|005|006|008|009,1|2|3|4|5|6|7|8|9|10|11|12|13|14|15|16|17|18|19|20|21|22|23|24|25|26|27|28|29|30|31|32|33|34|35|36|37|38|39|40|41|42|43|44|45|46|47|48|49|50|51|52|53|54|55|56|57|58|59|60|61|62|63|64|65|66|67|68|69|70|71|72|73|74|75|76|77|78|79|80,2820.18|2819.71|2818.74|2817.18|2665.05|2664.96|2634.88|2633.2|2633.2|2633.15|2632.45|2307.01|2307.01|2301.98|1349.58|1349.33|1328.51|1307.81|1304.69|1304.69|1284.58|1284.58|1284.58|1284.58|1264.9|1263.99|1263.99|1263.99|1263.99|1263.99|1263.99|1263.99|1263.99|1263.99|1262.13|1262.12|1243.55|1243.55|1222.65|1222.65|1199.03|1199.03|1198.96|1159.97|1159.33|1084.47|1084.43|1049.85|1049.85|1049.85|1049.85|1049.42|1049.42|1049.42|1049.42|1049.42|1049.42|1049.42|1049.42|1049.09|1048.84|1048.84|1048.1|1048.1|1048.1|646.26|646.26|646.26|646.26|622.07|622.07|622.07|622.07|622.07|622.07|622.07|622.07|622.07|622.07|622.07,10.0,47|41|57|47|56|47|55|50
20,2,10,1124,146083,130,61.14,0.74|0.54|0.81|0.36|0.62|0.4|0.46|0.4|3.0|3.0|2.0|2.0|4.0|3.0|1.0|4.0|10|10|2|2|10|10|4|10,0.05|0.05|0.2|0.15|0.15|0.1|0.1|0.2,001|002|003|004|005|006|008|009,1|2|3|4|5|6|7|8|9|10|11|12|13|14|15|16|17|18|19|20|21|22|23|24|25|26|27|28|29|30|31|32|33|34|35|36|37|38|39|40|41|42|43|44|45|46|47|48|49|50|51|52|53|54|55|56|57|58|59|60|61|62|63|64|65|66|67|68|69|70|71|72|73|74|75|76|77|78|79|80|81|82|83|84|85|86|87|88|89|90|91|92|93|94|95|96|97|98|99|100|101|102|103|104|105|106|107|108|109|110|111|112|113|114|115|116|117|118|119|120|121|122|123|124|125|126|127|128|129|130,3685.91|3685.91|3619.61|1685.84|1409.67|1409.67|1408.85|1405.33|1404.47|1404.47|1403.23|1403.23|1403.23|1289.72|1288.62|1282.88|1282.88|1282.88|1282.88|1280.6|1280.6|1280.6|1279.72|1279.72|1279.72|1279.72|1274.58|1274.58|1274.58|1274.06|1015.32|810.04|809.23|797.8|656.21|596.03|596.03|575.34|560.77|558.05|548.54|539.92|539.92|539.92|539.92|533.17|520.79|516.09|514.72|512.95|512.95|512.57|512.57|496.52|495.05|493.3|493.3|493.29|493.16|476.25|76.93|72.42|70.15|68.89|68.69|67.49|66.76|66.22|66.22|65.98|65.98|65.88|65.61|65.23|65.07|64.79|63.79|63.68|63.68|63.59|63.59|63.59|63.12|62.97|62.97|62.74|62.74|62.74|62.74|62.74|62.05|62.05|62.05|62.05|62.05|62.05|61.85|61.54|61.44|61.44|61.44|61.44|61.44|61.44|61.44|61.28|61.19|61.19|61.19|61.19|61.19|61.14|61.14|61.14|61.14|61.14|61.14|61.14|61.14|61.14|61.14|61.14|61.14|61.14|61.14|61.14|61.14|61.14|61.14|61.14,10.0,165|169|145|164|161|188|146|162
50,5,25,2805,252494,90,267.11,0.22|0.75|0.47|0.6|0.46|0.48|0.7|0.52|17.0|3.0|3.0|3.0|4.0|3.0|1.0|3.0|2|10|10|10|10|10|7|3,0.05|0.05|0.2|0.15|0.15|0.1|0.1|0.2,001|002|003|004|005|006|008|009,1|2|3|4|5|6|7|8|9|10|11|12|13|14|15|16|17|18|19|20|21|22|23|24|25|26|27|28|29|30|31|32|33|34|35|36|37|38|39|40|41|42|43|44|45|46|47|48|49|50|51|52|53|54|55|56|57|58|59|60|61|62|63|64|65|66|67|68|69|70|71|72|73|74|75|76|77|78|79|80|81|82|83|84|85|86|87|88|89|90,2848.79|2318.1|2227.84|2218.84|1387.7|1387.7|1008.77|819.9|792.44|759.48|525.74|525.74|522.92|501.52|495.61|464.69|464.69|464.69|464.6|461.08|437.1|436.04|436.04|415.05|415.05|397.13|395.98|395.98|395.29|381.2|380.18|379.29|379.24|379.24|379.0|378.59|378.58|365.82|354.1|354.1|353.88|353.78|353.11|353.11|352.53|352.32|352.12|352.12|352.12|351.88|351.88|351.74|351.62|351.25|351.15|351.11|351.11|350.87|350.66|350.66|350.66|267.71|267.71|267.6|267.44|267.44|267.29|267.29|267.29|267.21|267.21|267.21|267.21|267.16|267.16|267.16|267.16|267.11|267.11|267.11|267.11|267.11|267.11|267.11|267.11|267.11|267.11|267.11|267.11|267.11,10.0,273|274|287|283|289|280|307|257
100,10,50,5667,340010,60,60.93,0.42|0.4|0.82|0.54|0.53|0.46|0.76|0.57|3.0|3.0|2.0|2.0|4.0|3.0|1.0|4.0|10|10|5|2|10|10|5|10,0.05|0.05|0.2|0.15|0.15|0.1|0.1|0.2,001|002|003|004|005|006|008|009,1|2|3|4|5|6|7|8|9|10|11|12|13|14|15|16|17|18|19|20|21|22|23|24|25|26|27|28|29|30|31|32|33|34|35|36|37|38|39|40|41|42|43|44|45|46|47|48|49|50|51|52|53|54|55|56|57|58|59|60,2920.55|2354.48|1927.85|1126.27|1029.59|511.53|441.66|428.88|428.88|415.9|413.9|409.99|407.65|405.97|88.79|81.27|79.84|76.15|74.86|73.81|73.59|71.0|70.19|68.26|67.11|66.49|66.49|65.52|64.22|64.22|63.83|63.5|62.9|62.52|62.31|62.2|61.99|61.57|61.34|61.29|61.29|61.19|61.04|61.04|60.97|60.97|60.97|60.97|60.93|60.93|60.93|60.93|60.93|60.93|60.93|60.93|60.93|60.93|60.93|60.93,10.0,385|377|357|375|361|381|394|370
10,1,5,563,67503,120,61.03,0.8|0.87|0.68|0.14|0.9|0.97|0.31|0.3|2.0|3.0|3.0|3.0|4.0|3.0|1.0|4.0|2|10|10|10|10|10|10|10,0.05|0.05|0.2|0.15|0.15|0.1|0.1|0.2,001|002|003|004|005|006|008|009,1|2|3|4|5|6|7|8|9|10|11|12|13|14|15|16|17|18|19|20|21|22|23|24|25|26|27|28|29|30|31|32|33|34|35|36|37|38|39|40|41|42|43|44|45|46|47|48|49|50|51|52|53|54|55|56|57|58|59|60|61|62|63|64|65|66|67|68|69|70|71|72|73|74|75|76|77|78|79|80|81|82|83|84|85|86|87|88|89|90|91|92|93|94|95|96|97|98|99|100|101|102|103|104|105|106|107|108|109|110|111|112|113|114|115|116|117|118|119|120,3926.06|3546.51|3402.49|3195.31|3116.31|3108.29|2590.15|337.47|337.47|316.75|316.75|316.75|315.77|315.77|315.77|298.92|298.39|281.96|281.96|281.96|281.96|267.3|265.39|264.16|264.16|263.2|245.51|245.51|245.51|245.12|244.44|244.44|244.44|243.54|242.82|242.82|242.48|241.6|241.6|82.33|81.84|81.59|81.59|73.73|72.05|72.05|71.71|71.71|71.71|71.71|69.32|68.43|68.43|68.43|68.43|67.32|67.32|66.67|66.67|66.17|66.17|66.17|65.24|64.4|64.02|64.02|64.02|64.02|64.02|63.72|63.72|63.24|63.11|62.86|62.86|62.65|62.65|62.65|62.65|62.65|62.65|62.65|62.65|62.65|62.24|62.24|62.14|61.92|61.92|61.92|61.22|61.22|61.22|61.22|61.1|61.1|61.1|61.03|61.03|61.03|61.03|61.03|61.03|61.03|61.03|61.03|61.03|61.03|61.03|61.03|61.03|61.03|61.03|61.03|61.03|61.03|61.03|61.03|61.03|61.03,20.0,77|62|64|93|74|69|86|75
20,2,10,1137,204738,180,61.03,0.68|0.52|0.74|0.74|0.52|0.52|0.68|0.6|2.0|3.0|3.0|3.0|4.0|3.0|1.0|4.0|2|10|10|10|10|10|9|10,0.05|0.05|0.2|0.15|0.15|0.1|0.1|0.2,001|002|003|004|005|006|008|009,1|2|3|4|5|6|7|8|9|10|11|12|13|14|15|16|17|18|19|20|21|22|23|24|25|26|27|28|29|30|31|32|33|34|35|36|37|38|39|40|41|42|43|44|45|46|47|48|49|50|51|52|53|54|55|56|57|58|59|60|61|62|63|64|65|66|67|68|69|70|71|72|73|74|75|76|77|78|79|80|81|82|83|84|85|86|87|88|89|90|91|92|93|94|95|96|97|98|99|100|101|102|103|104|105|106|107|108|109|110|111|112|113|114|115|116|117|118|119|120|121|122|123|124|125|126|127|128|129|130|131|132|133|134|135|136|137|138|139|140|141|142|143|144|145|146|147|148|149|150|151|152|153|154|155|156|157|158|159|160|161|162|163|164|165|166|167|168|169|170|171|172|173|174|175|176|177|178|179|180,3581.12|2340.06|2216.41|2140.41|1906.63|1906.63|1852.59|967.22|967.22|956.37|668.7|668.7|667.55|667.55|667.39|667.26|667.26|666.28|666.28|666.04|666.04|666.02|665.6|665.58|665.2|664.68|664.68|664.68|663.95|663.58|663.58|663.58|663.58|663.58|663.58|663.58|663.58|663.55|663.36|663.32|663.16|663.1|662.83|662.83|662.82|662.76|662.76|662.76|662.76|662.76|662.68|662.68|662.66|662.62|662.62|662.62|662.51|662.44|662.4|662.36|662.36|662.36|662.36|662.36|662.36|662.36|662.36|662.36|662.36|662.36|662.3|662.3|662.3|662.3|662.3|662.3|662.3|662.3|662.3|662.3|662.3|662.3|662.3|662.3|662.3|662.3|662.3|662.3|662.3|662.3|662.3|662.3|662.3|662.3|662.3|662.3|662.22|662.22|662.22|662.22|662.1|662.1|662.1|662.1|662.1|662.1|662.1|662.1|662.1|662.1|662.1|662.1|282.11|282.11|82.56|76.86|76.71|76.71|71.28|71.28|70.96|69.83|69.58|67.18|66.79|65.65|64.43|63.94|63.01|62.78|62.73|62.52|62.03|62.03|61.37|61.37|61.37|61.25|61.25|61.25|61.25|61.25|61.21|61.21|61.21|61.21|61.21|61.21|61.03|61.03|61.03|61.03|61.03|61.03|61.03|61.03|61.03|61.03|61.03|61.03|61.03|61.03|61.03|61.03|61.03|61.03|61.03|61.03|61.03|61.03|61.03|61.03|61.03|61.03|61.03|61.03|61.03|61.03|61.03|61.03,20.0,232|212|241|239|213|228|208|227
50,5,25,2846,341464,120,61.23,0.63|0.85|0.18|0.74|0.29|0.44|0.38|0.62|3.0|3.0|3.0|3.0|4.0|3.0|1.0|4.0|10|10|10|10|10|10|2|10,0.05|0.05|0.2|0.15|0.15|0.1|0.1|0.2,001|002|003|004|005|006|008|009,1|2|3|4|5|6|7|8|9|10|11|12|13|14|15|16|17|18|19|20|21|22|23|24|25|26|27|28|29|30|31|32|33|34|35|36|37|38|39|40|41|42|43|44|45|46|47|48|49|50|51|52|53|54|55|56|57|58|59|60|61|62|63|64|65|66|67|68|69|70|71|72|73|74|75|76|77|78|79|80|81|82|83|84|85|86|87|88|89|90|91|92|93|94|95|96|97|98|99|100|101|102|103|104|105|106|107|108|109|110|111|112|113|114|115|116|117|118|119|120,2894.76|2894.76|2894.76|1781.38|1447.34|1319.43|1264.18|1264.18|1264.18|1253.66|1253.57|1230.44|1201.26|1201.26|1184.82|1184.41|1181.83|1167.52|1150.64|1150.29|1146.96|1136.7|1136.7|1125.09|1122.47|1121.73|1120.37|1120.37|1119.47|1119.47|1119.47|1118.67|1117.73|1108.79|1108.64|1107.59|1107.19|1107.19|1106.63|1105.1|1105.1|1105.1|1098.4|1098.38|1092.05|1089.96|1089.67|1089.67|1085.75|1085.66|1085.43|1085.27|1026.5|905.04|874.53|476.07|379.71|351.54|87.68|87.39|82.69|80.21|74.6|74.6|74.41|70.87|69.68|69.0|68.89|68.26|66.42|65.67|64.01|64.01|63.32|63.0|62.83|62.52|62.5|62.13|61.99|61.68|61.68|61.6|61.52|61.42|61.37|61.29|61.29|61.29|61.29|61.29|61.23|61.23|61.23|61.23|61.23|61.23|61.23|61.23|61.23|61.23|61.23|61.23|61.23|61.23|61.23|61.23|61.23|61.23|61.23|61.23|61.23|61.23|61.23|61.23|61.23|61.23|61.23|61.23,20.0,360|383|402|395|358|364|374|364
